--
-- PostgreSQL database dump
--

\restrict UMDfl79WJygbTIS6tnLvpmNSFXnD2h8iDd80Oq1WEWfe6ZcRe2jY1I8quLIY4qa

-- Dumped from database version 15.15 (Debian 15.15-1.pgdg13+1)
-- Dumped by pg_dump version 15.15 (Debian 15.15-1.pgdg13+1)

SET statement_timeout = 0;
SET lock_timeout = 0;
SET idle_in_transaction_session_timeout = 0;
SET client_encoding = 'UTF8';
SET standard_conforming_strings = on;
SELECT pg_catalog.set_config('search_path', '', false);
SET check_function_bodies = false;
SET xmloption = content;
SET client_min_messages = warning;
SET row_security = off;

SET default_tablespace = '';

SET default_table_access_method = heap;

--
-- Name: accounts_user; Type: TABLE; Schema: public; Owner: gpsstore_user
--

CREATE TABLE public.accounts_user (
    id bigint NOT NULL,
    password character varying(128) NOT NULL,
    last_login timestamp with time zone,
    is_superuser boolean NOT NULL,
    username character varying(150) NOT NULL,
    first_name character varying(150) NOT NULL,
    last_name character varying(150) NOT NULL,
    email character varying(254) NOT NULL,
    is_staff boolean NOT NULL,
    is_active boolean NOT NULL,
    date_joined timestamp with time zone NOT NULL,
    phone character varying(20),
    address text,
    subscription_start timestamp with time zone,
    subscription_end timestamp with time zone,
    is_premium boolean NOT NULL,
    is_subuser_of_id bigint
);


ALTER TABLE public.accounts_user OWNER TO gpsstore_user;

--
-- Name: accounts_user_groups; Type: TABLE; Schema: public; Owner: gpsstore_user
--

CREATE TABLE public.accounts_user_groups (
    id bigint NOT NULL,
    user_id bigint NOT NULL,
    group_id integer NOT NULL
);


ALTER TABLE public.accounts_user_groups OWNER TO gpsstore_user;

--
-- Name: accounts_user_groups_id_seq; Type: SEQUENCE; Schema: public; Owner: gpsstore_user
--

ALTER TABLE public.accounts_user_groups ALTER COLUMN id ADD GENERATED BY DEFAULT AS IDENTITY (
    SEQUENCE NAME public.accounts_user_groups_id_seq
    START WITH 1
    INCREMENT BY 1
    NO MINVALUE
    NO MAXVALUE
    CACHE 1
);


--
-- Name: accounts_user_id_seq; Type: SEQUENCE; Schema: public; Owner: gpsstore_user
--

ALTER TABLE public.accounts_user ALTER COLUMN id ADD GENERATED BY DEFAULT AS IDENTITY (
    SEQUENCE NAME public.accounts_user_id_seq
    START WITH 1
    INCREMENT BY 1
    NO MINVALUE
    NO MAXVALUE
    CACHE 1
);


--
-- Name: accounts_user_user_permissions; Type: TABLE; Schema: public; Owner: gpsstore_user
--

CREATE TABLE public.accounts_user_user_permissions (
    id bigint NOT NULL,
    user_id bigint NOT NULL,
    permission_id integer NOT NULL
);


ALTER TABLE public.accounts_user_user_permissions OWNER TO gpsstore_user;

--
-- Name: accounts_user_user_permissions_id_seq; Type: SEQUENCE; Schema: public; Owner: gpsstore_user
--

ALTER TABLE public.accounts_user_user_permissions ALTER COLUMN id ADD GENERATED BY DEFAULT AS IDENTITY (
    SEQUENCE NAME public.accounts_user_user_permissions_id_seq
    START WITH 1
    INCREMENT BY 1
    NO MINVALUE
    NO MAXVALUE
    CACHE 1
);


--
-- Name: accounts_userdevice; Type: TABLE; Schema: public; Owner: gpsstore_user
--

CREATE TABLE public.accounts_userdevice (
    id bigint NOT NULL,
    assigned_at timestamp with time zone NOT NULL,
    is_owner boolean NOT NULL,
    can_view boolean NOT NULL,
    can_control boolean NOT NULL,
    notes text,
    expires_at timestamp with time zone,
    is_active boolean NOT NULL,
    created_at timestamp with time zone NOT NULL,
    updated_at timestamp with time zone NOT NULL,
    assigned_by_id bigint,
    device_id bigint NOT NULL,
    user_id bigint NOT NULL
);


ALTER TABLE public.accounts_userdevice OWNER TO gpsstore_user;

--
-- Name: accounts_userdevice_id_seq; Type: SEQUENCE; Schema: public; Owner: gpsstore_user
--

ALTER TABLE public.accounts_userdevice ALTER COLUMN id ADD GENERATED BY DEFAULT AS IDENTITY (
    SEQUENCE NAME public.accounts_userdevice_id_seq
    START WITH 1
    INCREMENT BY 1
    NO MINVALUE
    NO MAXVALUE
    CACHE 1
);


--
-- Name: api_apikey; Type: TABLE; Schema: public; Owner: gpsstore_user
--

CREATE TABLE public.api_apikey (
    id bigint NOT NULL,
    api_key character varying(64) NOT NULL,
    description text,
    is_active boolean NOT NULL,
    last_used_at timestamp with time zone,
    usage_count integer NOT NULL,
    rate_limit_per_minute integer NOT NULL,
    allowed_ips jsonb NOT NULL,
    created_at timestamp with time zone NOT NULL,
    updated_at timestamp with time zone NOT NULL
);


ALTER TABLE public.api_apikey OWNER TO gpsstore_user;

--
-- Name: api_apikey_id_seq; Type: SEQUENCE; Schema: public; Owner: gpsstore_user
--

ALTER TABLE public.api_apikey ALTER COLUMN id ADD GENERATED BY DEFAULT AS IDENTITY (
    SEQUENCE NAME public.api_apikey_id_seq
    START WITH 1
    INCREMENT BY 1
    NO MINVALUE
    NO MAXVALUE
    CACHE 1
);


--
-- Name: auth_group; Type: TABLE; Schema: public; Owner: gpsstore_user
--

CREATE TABLE public.auth_group (
    id integer NOT NULL,
    name character varying(150) NOT NULL
);


ALTER TABLE public.auth_group OWNER TO gpsstore_user;

--
-- Name: auth_group_id_seq; Type: SEQUENCE; Schema: public; Owner: gpsstore_user
--

ALTER TABLE public.auth_group ALTER COLUMN id ADD GENERATED BY DEFAULT AS IDENTITY (
    SEQUENCE NAME public.auth_group_id_seq
    START WITH 1
    INCREMENT BY 1
    NO MINVALUE
    NO MAXVALUE
    CACHE 1
);


--
-- Name: auth_group_permissions; Type: TABLE; Schema: public; Owner: gpsstore_user
--

CREATE TABLE public.auth_group_permissions (
    id bigint NOT NULL,
    group_id integer NOT NULL,
    permission_id integer NOT NULL
);


ALTER TABLE public.auth_group_permissions OWNER TO gpsstore_user;

--
-- Name: auth_group_permissions_id_seq; Type: SEQUENCE; Schema: public; Owner: gpsstore_user
--

ALTER TABLE public.auth_group_permissions ALTER COLUMN id ADD GENERATED BY DEFAULT AS IDENTITY (
    SEQUENCE NAME public.auth_group_permissions_id_seq
    START WITH 1
    INCREMENT BY 1
    NO MINVALUE
    NO MAXVALUE
    CACHE 1
);


--
-- Name: auth_permission; Type: TABLE; Schema: public; Owner: gpsstore_user
--

CREATE TABLE public.auth_permission (
    id integer NOT NULL,
    name character varying(255) NOT NULL,
    content_type_id integer NOT NULL,
    codename character varying(100) NOT NULL
);


ALTER TABLE public.auth_permission OWNER TO gpsstore_user;

--
-- Name: auth_permission_id_seq; Type: SEQUENCE; Schema: public; Owner: gpsstore_user
--

ALTER TABLE public.auth_permission ALTER COLUMN id ADD GENERATED BY DEFAULT AS IDENTITY (
    SEQUENCE NAME public.auth_permission_id_seq
    START WITH 1
    INCREMENT BY 1
    NO MINVALUE
    NO MAXVALUE
    CACHE 1
);


--
-- Name: django_admin_log; Type: TABLE; Schema: public; Owner: gpsstore_user
--

CREATE TABLE public.django_admin_log (
    id integer NOT NULL,
    action_time timestamp with time zone NOT NULL,
    object_id text,
    object_repr character varying(200) NOT NULL,
    action_flag smallint NOT NULL,
    change_message text NOT NULL,
    content_type_id integer,
    user_id bigint NOT NULL,
    CONSTRAINT django_admin_log_action_flag_check CHECK ((action_flag >= 0))
);


ALTER TABLE public.django_admin_log OWNER TO gpsstore_user;

--
-- Name: django_admin_log_id_seq; Type: SEQUENCE; Schema: public; Owner: gpsstore_user
--

ALTER TABLE public.django_admin_log ALTER COLUMN id ADD GENERATED BY DEFAULT AS IDENTITY (
    SEQUENCE NAME public.django_admin_log_id_seq
    START WITH 1
    INCREMENT BY 1
    NO MINVALUE
    NO MAXVALUE
    CACHE 1
);


--
-- Name: django_content_type; Type: TABLE; Schema: public; Owner: gpsstore_user
--

CREATE TABLE public.django_content_type (
    id integer NOT NULL,
    app_label character varying(100) NOT NULL,
    model character varying(100) NOT NULL
);


ALTER TABLE public.django_content_type OWNER TO gpsstore_user;

--
-- Name: django_content_type_id_seq; Type: SEQUENCE; Schema: public; Owner: gpsstore_user
--

ALTER TABLE public.django_content_type ALTER COLUMN id ADD GENERATED BY DEFAULT AS IDENTITY (
    SEQUENCE NAME public.django_content_type_id_seq
    START WITH 1
    INCREMENT BY 1
    NO MINVALUE
    NO MAXVALUE
    CACHE 1
);


--
-- Name: django_migrations; Type: TABLE; Schema: public; Owner: gpsstore_user
--

CREATE TABLE public.django_migrations (
    id bigint NOT NULL,
    app character varying(255) NOT NULL,
    name character varying(255) NOT NULL,
    applied timestamp with time zone NOT NULL
);


ALTER TABLE public.django_migrations OWNER TO gpsstore_user;

--
-- Name: django_migrations_id_seq; Type: SEQUENCE; Schema: public; Owner: gpsstore_user
--

ALTER TABLE public.django_migrations ALTER COLUMN id ADD GENERATED BY DEFAULT AS IDENTITY (
    SEQUENCE NAME public.django_migrations_id_seq
    START WITH 1
    INCREMENT BY 1
    NO MINVALUE
    NO MAXVALUE
    CACHE 1
);


--
-- Name: django_session; Type: TABLE; Schema: public; Owner: gpsstore_user
--

CREATE TABLE public.django_session (
    session_key character varying(40) NOT NULL,
    session_data text NOT NULL,
    expire_date timestamp with time zone NOT NULL
);


ALTER TABLE public.django_session OWNER TO gpsstore_user;

--
-- Name: gps_devices_device; Type: TABLE; Schema: public; Owner: gpsstore_user
--

CREATE TABLE public.gps_devices_device (
    id bigint NOT NULL,
    imei character varying(20) NOT NULL,
    sim_no character varying(20),
    driver_name character varying(100),
    name character varying(100) NOT NULL,
    status character varying(20) NOT NULL,
    created_at timestamp with time zone NOT NULL,
    updated_at timestamp with time zone NOT NULL,
    owner_id bigint NOT NULL,
    model_id bigint NOT NULL,
    consecutive_count jsonb NOT NULL
);


ALTER TABLE public.gps_devices_device OWNER TO gpsstore_user;

--
-- Name: gps_devices_device_id_seq; Type: SEQUENCE; Schema: public; Owner: gpsstore_user
--

ALTER TABLE public.gps_devices_device ALTER COLUMN id ADD GENERATED BY DEFAULT AS IDENTITY (
    SEQUENCE NAME public.gps_devices_device_id_seq
    START WITH 1
    INCREMENT BY 1
    NO MINVALUE
    NO MAXVALUE
    CACHE 1
);


--
-- Name: gps_devices_devicestate; Type: TABLE; Schema: public; Owner: gpsstore_user
--

CREATE TABLE public.gps_devices_devicestate (
    id bigint NOT NULL,
    "timestamp" timestamp with time zone NOT NULL,
    created_at timestamp with time zone NOT NULL,
    updated_at timestamp with time zone NOT NULL,
    device_id bigint NOT NULL,
    state_id bigint NOT NULL,
    location_data_id bigint
);


ALTER TABLE public.gps_devices_devicestate OWNER TO gpsstore_user;

--
-- Name: gps_devices_devicestate_id_seq; Type: SEQUENCE; Schema: public; Owner: gpsstore_user
--

ALTER TABLE public.gps_devices_devicestate ALTER COLUMN id ADD GENERATED BY DEFAULT AS IDENTITY (
    SEQUENCE NAME public.gps_devices_devicestate_id_seq
    START WITH 1
    INCREMENT BY 1
    NO MINVALUE
    NO MAXVALUE
    CACHE 1
);


--
-- Name: gps_devices_locationdata; Type: TABLE; Schema: public; Owner: gpsstore_user
--

CREATE TABLE public.gps_devices_locationdata (
    id bigint NOT NULL,
    latitude numeric(10,7),
    longitude numeric(10,7),
    speed double precision NOT NULL,
    heading double precision NOT NULL,
    altitude double precision NOT NULL,
    accuracy double precision NOT NULL,
    satellites integer NOT NULL,
    battery_level integer,
    signal_strength integer NOT NULL,
    gsm_operator character varying(50),
    raw_data text,
    address text,
    is_valid boolean NOT NULL,
    created_at timestamp with time zone NOT NULL,
    updated_at timestamp with time zone NOT NULL,
    device_id bigint NOT NULL,
    is_map_matched boolean NOT NULL,
    matched_geometry text,
    original_latitude numeric(10,7),
    original_longitude numeric(10,7),
    location_source character varying(20) NOT NULL,
    alarm_type character varying(50),
    is_alarm boolean NOT NULL,
    packet_type character varying(20)
);


ALTER TABLE public.gps_devices_locationdata OWNER TO gpsstore_user;

--
-- Name: gps_devices_locationdata_id_seq; Type: SEQUENCE; Schema: public; Owner: gpsstore_user
--

ALTER TABLE public.gps_devices_locationdata ALTER COLUMN id ADD GENERATED BY DEFAULT AS IDENTITY (
    SEQUENCE NAME public.gps_devices_locationdata_id_seq
    START WITH 1
    INCREMENT BY 1
    NO MINVALUE
    NO MAXVALUE
    CACHE 1
);


--
-- Name: gps_devices_model; Type: TABLE; Schema: public; Owner: gpsstore_user
--

CREATE TABLE public.gps_devices_model (
    id bigint NOT NULL,
    model_name character varying(100) NOT NULL,
    manufacturer character varying(100) NOT NULL,
    protocol_type character varying(20) NOT NULL,
    default_config jsonb NOT NULL,
    image_url character varying(200),
    description text,
    created_at timestamp with time zone NOT NULL,
    updated_at timestamp with time zone NOT NULL
);


ALTER TABLE public.gps_devices_model OWNER TO gpsstore_user;

--
-- Name: gps_devices_model_id_seq; Type: SEQUENCE; Schema: public; Owner: gpsstore_user
--

ALTER TABLE public.gps_devices_model ALTER COLUMN id ADD GENERATED BY DEFAULT AS IDENTITY (
    SEQUENCE NAME public.gps_devices_model_id_seq
    START WITH 1
    INCREMENT BY 1
    NO MINVALUE
    NO MAXVALUE
    CACHE 1
);


--
-- Name: gps_devices_rawgpsdata; Type: TABLE; Schema: public; Owner: gpsstore_user
--

CREATE TABLE public.gps_devices_rawgpsdata (
    id bigint NOT NULL,
    raw_data text NOT NULL,
    ip_address inet NOT NULL,
    status character varying(20) NOT NULL,
    error_message text,
    created_at timestamp with time zone NOT NULL,
    updated_at timestamp with time zone NOT NULL,
    device_id bigint
);


ALTER TABLE public.gps_devices_rawgpsdata OWNER TO gpsstore_user;

--
-- Name: gps_devices_rawgpsdata_id_seq; Type: SEQUENCE; Schema: public; Owner: gpsstore_user
--

ALTER TABLE public.gps_devices_rawgpsdata ALTER COLUMN id ADD GENERATED BY DEFAULT AS IDENTITY (
    SEQUENCE NAME public.gps_devices_rawgpsdata_id_seq
    START WITH 1
    INCREMENT BY 1
    NO MINVALUE
    NO MAXVALUE
    CACHE 1
);


--
-- Name: gps_devices_state; Type: TABLE; Schema: public; Owner: gpsstore_user
--

CREATE TABLE public.gps_devices_state (
    id bigint NOT NULL,
    name character varying(50) NOT NULL,
    description text,
    created_at timestamp with time zone NOT NULL,
    updated_at timestamp with time zone NOT NULL
);


ALTER TABLE public.gps_devices_state OWNER TO gpsstore_user;

--
-- Name: gps_devices_state_id_seq; Type: SEQUENCE; Schema: public; Owner: gpsstore_user
--

ALTER TABLE public.gps_devices_state ALTER COLUMN id ADD GENERATED BY DEFAULT AS IDENTITY (
    SEQUENCE NAME public.gps_devices_state_id_seq
    START WITH 1
    INCREMENT BY 1
    NO MINVALUE
    NO MAXVALUE
    CACHE 1
);


--
-- Name: malicious_patterns; Type: TABLE; Schema: public; Owner: gpsstore_user
--

CREATE TABLE public.malicious_patterns (
    id bigint NOT NULL,
    pattern text NOT NULL,
    pattern_type character varying(20) NOT NULL,
    description character varying(255) NOT NULL,
    is_active boolean NOT NULL,
    created_at timestamp with time zone NOT NULL,
    hit_count integer NOT NULL,
    last_hit timestamp with time zone,
    ip_address inet
);


ALTER TABLE public.malicious_patterns OWNER TO gpsstore_user;

--
-- Name: malicious_patterns_id_seq; Type: SEQUENCE; Schema: public; Owner: gpsstore_user
--

ALTER TABLE public.malicious_patterns ALTER COLUMN id ADD GENERATED BY DEFAULT AS IDENTITY (
    SEQUENCE NAME public.malicious_patterns_id_seq
    START WITH 1
    INCREMENT BY 1
    NO MINVALUE
    NO MAXVALUE
    CACHE 1
);


--
-- Name: products_category; Type: TABLE; Schema: public; Owner: gpsstore_user
--

CREATE TABLE public.products_category (
    id bigint NOT NULL,
    name character varying(100) NOT NULL,
    slug character varying(50) NOT NULL,
    image character varying(100),
    description text NOT NULL,
    is_active boolean NOT NULL
);


ALTER TABLE public.products_category OWNER TO gpsstore_user;

--
-- Name: products_category_id_seq; Type: SEQUENCE; Schema: public; Owner: gpsstore_user
--

ALTER TABLE public.products_category ALTER COLUMN id ADD GENERATED BY DEFAULT AS IDENTITY (
    SEQUENCE NAME public.products_category_id_seq
    START WITH 1
    INCREMENT BY 1
    NO MINVALUE
    NO MAXVALUE
    CACHE 1
);


--
-- Name: products_product; Type: TABLE; Schema: public; Owner: gpsstore_user
--

CREATE TABLE public.products_product (
    id bigint NOT NULL,
    name character varying(200) NOT NULL,
    slug character varying(50) NOT NULL,
    price numeric(10,0) NOT NULL,
    discount_price numeric(10,0),
    description text NOT NULL,
    image character varying(100) NOT NULL,
    is_featured boolean NOT NULL,
    is_active boolean NOT NULL,
    stock integer NOT NULL,
    created_at timestamp with time zone NOT NULL,
    updated_at timestamp with time zone NOT NULL,
    category_id bigint NOT NULL,
    CONSTRAINT products_product_stock_check CHECK ((stock >= 0))
);


ALTER TABLE public.products_product OWNER TO gpsstore_user;

--
-- Name: products_product_id_seq; Type: SEQUENCE; Schema: public; Owner: gpsstore_user
--

ALTER TABLE public.products_product ALTER COLUMN id ADD GENERATED BY DEFAULT AS IDENTITY (
    SEQUENCE NAME public.products_product_id_seq
    START WITH 1
    INCREMENT BY 1
    NO MINVALUE
    NO MAXVALUE
    CACHE 1
);


--
-- Data for Name: accounts_user; Type: TABLE DATA; Schema: public; Owner: gpsstore_user
--

COPY public.accounts_user (id, password, last_login, is_superuser, username, first_name, last_name, email, is_staff, is_active, date_joined, phone, address, subscription_start, subscription_end, is_premium, is_subuser_of_id) FROM stdin;
1	pbkdf2_sha256$1000000$RjLtFr7G72mYSwTxdQ3xZG$CqJx8HWgluWb7OY1jGK+CV1Zd1OiLf5C6sJ6LMigTIM=	2025-12-08 18:48:05.299134+00	t	root			admin@example.com	t	t	2025-12-08 18:47:14.113879+00	\N	\N	\N	\N	f	\N
\.


--
-- Data for Name: accounts_user_groups; Type: TABLE DATA; Schema: public; Owner: gpsstore_user
--

COPY public.accounts_user_groups (id, user_id, group_id) FROM stdin;
\.


--
-- Data for Name: accounts_user_user_permissions; Type: TABLE DATA; Schema: public; Owner: gpsstore_user
--

COPY public.accounts_user_user_permissions (id, user_id, permission_id) FROM stdin;
\.


--
-- Data for Name: accounts_userdevice; Type: TABLE DATA; Schema: public; Owner: gpsstore_user
--

COPY public.accounts_userdevice (id, assigned_at, is_owner, can_view, can_control, notes, expires_at, is_active, created_at, updated_at, assigned_by_id, device_id, user_id) FROM stdin;
\.


--
-- Data for Name: api_apikey; Type: TABLE DATA; Schema: public; Owner: gpsstore_user
--

COPY public.api_apikey (id, api_key, description, is_active, last_used_at, usage_count, rate_limit_per_minute, allowed_ips, created_at, updated_at) FROM stdin;
\.


--
-- Data for Name: auth_group; Type: TABLE DATA; Schema: public; Owner: gpsstore_user
--

COPY public.auth_group (id, name) FROM stdin;
\.


--
-- Data for Name: auth_group_permissions; Type: TABLE DATA; Schema: public; Owner: gpsstore_user
--

COPY public.auth_group_permissions (id, group_id, permission_id) FROM stdin;
\.


--
-- Data for Name: auth_permission; Type: TABLE DATA; Schema: public; Owner: gpsstore_user
--

COPY public.auth_permission (id, name, content_type_id, codename) FROM stdin;
1	Can add log entry	1	add_logentry
2	Can change log entry	1	change_logentry
3	Can delete log entry	1	delete_logentry
4	Can view log entry	1	view_logentry
5	Can add permission	2	add_permission
6	Can change permission	2	change_permission
7	Can delete permission	2	delete_permission
8	Can view permission	2	view_permission
9	Can add group	3	add_group
10	Can change group	3	change_group
11	Can delete group	3	delete_group
12	Can view group	3	view_group
13	Can add content type	4	add_contenttype
14	Can change content type	4	change_contenttype
15	Can delete content type	4	delete_contenttype
16	Can view content type	4	view_contenttype
17	Can add session	5	add_session
18	Can change session	5	change_session
19	Can delete session	5	delete_session
20	Can view session	5	view_session
21	Can add کاربر	6	add_user
22	Can change کاربر	6	change_user
23	Can delete کاربر	6	delete_user
24	Can view کاربر	6	view_user
25	Can add دسترسی کاربر به دستگاه	7	add_userdevice
26	Can change دسترسی کاربر به دستگاه	7	change_userdevice
27	Can delete دسترسی کاربر به دستگاه	7	delete_userdevice
28	Can view دسترسی کاربر به دستگاه	7	view_userdevice
29	Can add دسته‌بندی	8	add_category
30	Can change دسته‌بندی	8	change_category
31	Can delete دسته‌بندی	8	delete_category
32	Can view دسته‌بندی	8	view_category
33	Can add محصول	9	add_product
34	Can change محصول	9	change_product
35	Can delete محصول	9	delete_product
36	Can view محصول	9	view_product
37	Can add state	10	add_state
38	Can change state	10	change_state
39	Can delete state	10	delete_state
40	Can view state	10	view_state
41	Can add model	11	add_model
42	Can change model	11	change_model
43	Can delete model	11	delete_model
44	Can view model	11	view_model
45	Can add داده خام GPS	12	add_rawgpsdata
46	Can change داده خام GPS	12	change_rawgpsdata
47	Can delete داده خام GPS	12	delete_rawgpsdata
48	Can view داده خام GPS	12	view_rawgpsdata
49	Can add device	13	add_device
50	Can change device	13	change_device
51	Can delete device	13	delete_device
52	Can view device	13	view_device
53	Can add موقعیت مکانی	14	add_locationdata
54	Can change موقعیت مکانی	14	change_locationdata
55	Can delete موقعیت مکانی	14	delete_locationdata
56	Can view موقعیت مکانی	14	view_locationdata
57	Can add وضعیت دستگاه	15	add_devicestate
58	Can change وضعیت دستگاه	15	change_devicestate
59	Can delete وضعیت دستگاه	15	delete_devicestate
60	Can view وضعیت دستگاه	15	view_devicestate
61	Can add الگوی مخرب	16	add_maliciouspattern
62	Can change الگوی مخرب	16	change_maliciouspattern
63	Can delete الگوی مخرب	16	delete_maliciouspattern
64	Can view الگوی مخرب	16	view_maliciouspattern
65	Can add کلید API	17	add_apikey
66	Can change کلید API	17	change_apikey
67	Can delete کلید API	17	delete_apikey
68	Can view کلید API	17	view_apikey
\.


--
-- Data for Name: django_admin_log; Type: TABLE DATA; Schema: public; Owner: gpsstore_user
--

COPY public.django_admin_log (id, action_time, object_id, object_repr, action_flag, change_message, content_type_id, user_id) FROM stdin;
\.


--
-- Data for Name: django_content_type; Type: TABLE DATA; Schema: public; Owner: gpsstore_user
--

COPY public.django_content_type (id, app_label, model) FROM stdin;
1	admin	logentry
2	auth	permission
3	auth	group
4	contenttypes	contenttype
5	sessions	session
6	accounts	user
7	accounts	userdevice
8	products	category
9	products	product
10	gps_devices	state
11	gps_devices	model
12	gps_devices	rawgpsdata
13	gps_devices	device
14	gps_devices	locationdata
15	gps_devices	devicestate
16	gps_devices	maliciouspattern
17	api	apikey
\.


--
-- Data for Name: django_migrations; Type: TABLE DATA; Schema: public; Owner: gpsstore_user
--

COPY public.django_migrations (id, app, name, applied) FROM stdin;
1	gps_devices	0001_initial	2025-12-08 18:44:55.322986+00
2	gps_devices	0002_populate_state_table	2025-12-08 18:44:55.336844+00
3	contenttypes	0001_initial	2025-12-08 18:44:55.349881+00
4	contenttypes	0002_remove_content_type_name	2025-12-08 18:44:55.364873+00
5	auth	0001_initial	2025-12-08 18:44:55.430737+00
6	auth	0002_alter_permission_name_max_length	2025-12-08 18:44:55.44268+00
7	auth	0003_alter_user_email_max_length	2025-12-08 18:44:55.451779+00
8	auth	0004_alter_user_username_opts	2025-12-08 18:44:55.460688+00
9	auth	0005_alter_user_last_login_null	2025-12-08 18:44:55.469497+00
10	auth	0006_require_contenttypes_0002	2025-12-08 18:44:55.472367+00
11	auth	0007_alter_validators_add_error_messages	2025-12-08 18:44:55.48119+00
12	auth	0008_alter_user_username_max_length	2025-12-08 18:44:55.494144+00
13	auth	0009_alter_user_last_name_max_length	2025-12-08 18:44:55.503098+00
14	auth	0010_alter_group_name_max_length	2025-12-08 18:44:55.513468+00
15	auth	0011_update_proxy_permissions	2025-12-08 18:44:55.523529+00
16	auth	0012_alter_user_first_name_max_length	2025-12-08 18:44:55.532959+00
17	accounts	0001_initial	2025-12-08 18:44:55.618496+00
18	gps_devices	0003_model_rawgpsdata_device_locationdata_devicestate	2025-12-08 18:44:55.734719+00
19	accounts	0002_initial	2025-12-08 18:44:55.802599+00
20	admin	0001_initial	2025-12-08 18:44:55.843203+00
21	admin	0002_logentry_remove_auto_add	2025-12-08 18:44:55.865172+00
22	admin	0003_logentry_add_action_flag_choices	2025-12-08 18:44:55.884535+00
23	api	0001_initial	2025-12-08 18:44:55.905198+00
24	gps_devices	0004_alter_locationdata_battery_level	2025-12-08 18:44:55.923771+00
25	gps_devices	0005_rawgpsdata_device	2025-12-08 18:44:55.956755+00
26	gps_devices	0006_locationdata_is_map_matched_and_more	2025-12-08 18:44:56.042129+00
27	gps_devices	0007_locationdata_location_source	2025-12-08 18:44:56.066957+00
28	gps_devices	0008_locationdata_alarm_type_locationdata_is_alarm	2025-12-08 18:44:56.108596+00
29	gps_devices	0009_device_consecutive_count_locationdata_packet_type_and_more	2025-12-08 18:44:56.258957+00
30	gps_devices	0010_maliciouspattern	2025-12-08 18:44:56.278694+00
31	gps_devices	0011_maliciouspattern_ip_address_and_more	2025-12-08 18:44:56.291211+00
32	products	0001_initial	2025-12-08 18:44:56.333061+00
33	sessions	0001_initial	2025-12-08 18:44:56.350258+00
\.


--
-- Data for Name: django_session; Type: TABLE DATA; Schema: public; Owner: gpsstore_user
--

COPY public.django_session (session_key, session_data, expire_date) FROM stdin;
xxca6olqppgzjwvi4xiu5yrc7asg7zu9	.eJxVjLkOwjAQBf_FNbKcZH2EEokSUVFH6_VajsilOK4Q_06QUkA77828RIdlS13JvHZ9EGdRidMv80hPnr4DLkuWSDSXacvy4FleR-yH-_rYzxOOfJsDD5dD-islzGnPWFVrWztjiYAQINao2EBFGJSLujUtNxFBGSIHDflWs3KewAMrz96K9wdE-Tvm:1vSgHF:sg_IWbLRwImhFNTykU0pIq6shNMnKaQkAWuAPXmCc_A	2025-12-22 18:48:05.308921+00
\.


--
-- Data for Name: gps_devices_device; Type: TABLE DATA; Schema: public; Owner: gpsstore_user
--

COPY public.gps_devices_device (id, imei, sim_no, driver_name, name, status, created_at, updated_at, owner_id, model_id, consecutive_count) FROM stdin;
5	9176515396	\N	\N	9176515396	active	2025-12-08 18:47:25.181565+00	2025-12-08 18:47:25.181585+00	1	1	{}
3	9176515697	\N	\N	9176515697	active	2025-12-08 18:47:24.692458+00	2025-12-08 19:26:14.071015+00	1	1	{"stopped": 0}
1	9176515436	\N	\N	9176515436	active	2025-12-08 18:47:18.010842+00	2025-12-08 19:30:50.777467+00	1	1	{"stopped": 0}
4	9176515712	\N	\N	9176515712	active	2025-12-08 18:47:24.852633+00	2025-12-08 19:31:02.138763+00	1	1	{"stopped": 0}
2	9176515725	\N	\N	9176515725	active	2025-12-08 18:47:23.848084+00	2025-12-08 19:31:02.88381+00	1	1	{"moving": 2}
\.


--
-- Data for Name: gps_devices_devicestate; Type: TABLE DATA; Schema: public; Owner: gpsstore_user
--

COPY public.gps_devices_devicestate (id, "timestamp", created_at, updated_at, device_id, state_id, location_data_id) FROM stdin;
1	2025-12-08 18:47:23.889085+00	2025-12-08 18:47:23.889116+00	2025-12-08 18:47:23.889126+00	2	14	1
2	2025-12-08 18:47:24.717983+00	2025-12-08 18:47:24.718022+00	2025-12-08 18:47:24.718041+00	3	15	\N
3	2025-12-08 18:47:24.870597+00	2025-12-08 18:47:24.870635+00	2025-12-08 18:47:24.870685+00	4	15	\N
4	2025-12-08 18:47:42.032167+00	2025-12-08 18:47:42.03219+00	2025-12-08 18:47:42.032199+00	1	15	\N
\.


--
-- Data for Name: gps_devices_locationdata; Type: TABLE DATA; Schema: public; Owner: gpsstore_user
--

COPY public.gps_devices_locationdata (id, latitude, longitude, speed, heading, altitude, accuracy, satellites, battery_level, signal_strength, gsm_operator, raw_data, address, is_valid, created_at, updated_at, device_id, is_map_matched, matched_geometry, original_latitude, original_longitude, location_source, alarm_type, is_alarm, packet_type) FROM stdin;
1	29.7661500	57.5837867	38.89	336	0	0	1	\N	0	\N	{'protocol': 'HQ', 'ip_address': '5.124.208.101', 'raw_hex': '2a48512c393137363531353732352c56312c3138343732322c412c323934352e393639302c4e2c30353733352e303237322c452c32312e30302c3333362c3038313232352c66626666666666662c3433322c33352c34323835342c333832363923'}	\N	t	2025-12-08 18:47:23.879432+00	2025-12-08 18:47:23.879458+00	2	f	\N	29.7661500	57.5837867	GPS	\N	f	V1
2	29.7677317	57.5829333	62.97	335	0	0	1	\N	0	\N	{'protocol': 'HQ', 'ip_address': '5.124.208.101', 'raw_hex': '2a48512c393137363531353732352c56312c3138343733372c412c323934362e303633392c4e2c30353733342e393736302c452c33342e30302c3333352c3038313232352c66626666666666662c3433322c33352c34323835342c333832363923'}	\N	t	2025-12-08 18:47:38.317469+00	2025-12-08 18:47:38.317505+00	2	f	\N	29.7677317	57.5829333	GPS	\N	f	V1
3	29.7701783	57.5816100	72.3	332	0	0	1	\N	0	\N	{'protocol': 'HQ', 'ip_address': '5.124.208.101', 'raw_hex': '2a48512c393137363531353732352c56312c3138343735302c412c323934362e323130372c4e2c30353733342e383936362c452c33392e30342c3333322c3038313232352c66626666666666662c3433322c33352c34323835342c333832363923'}	\N	t	2025-12-08 18:47:52.505609+00	2025-12-08 18:47:52.505628+00	2	f	\N	29.7701783	57.5816100	GPS	\N	f	V1
4	29.7726800	57.5799600	72.39	327	0	0	1	\N	0	\N	{'protocol': 'HQ', 'ip_address': '5.124.208.101', 'raw_hex': '2a48512c393137363531353732352c56312c3138343830372c412c323934362e333630382c4e2c30353733342e373937362c452c33392e30392c3332372c3038313232352c66626666666666662c3433322c33352c34323835342c333832363923'}	\N	t	2025-12-08 18:48:09.408663+00	2025-12-08 18:48:09.408724+00	2	f	\N	29.7726800	57.5799600	GPS	\N	f	V1
5	29.7749300	57.5783483	77.86	327	0	0	1	\N	0	\N	{'protocol': 'HQ', 'ip_address': '5.124.208.101', 'raw_hex': '2a48512c393137363531353732352c56312c3138343832322c412c323934362e343935382c4e2c30353733342e373030392c452c34322e30342c3332372c3038313232352c66626666666666662c3433322c33352c34323835342c333832363923'}	\N	t	2025-12-08 18:48:23.517193+00	2025-12-08 18:48:23.517213+00	2	f	\N	29.7749300	57.5783483	GPS	\N	f	V1
6	29.7776800	57.5764183	77.93	330	0	0	1	\N	0	\N	{'protocol': 'HQ', 'ip_address': '5.124.208.101', 'raw_hex': '2a48512c393137363531353732352c56312c3138343833362c412c323934362e363630382c4e2c30353733342e353835312c452c34322e30382c3333302c3038313232352c66626666666666662c3433322c33352c34323835342c333832363923'}	\N	t	2025-12-08 18:48:37.729504+00	2025-12-08 18:48:37.729518+00	2	f	\N	29.7776800	57.5764183	GPS	\N	f	V1
7	29.7799233	57.5747700	85.36	326	0	0	1	\N	0	\N	{'protocol': 'HQ', 'ip_address': '5.124.208.101', 'raw_hex': '2a48512c393137363531353732352c56312c3138343835312c412c323934362e373935342c4e2c30353733342e343836322c452c34362e30392c3332362c3038313232352c66626666666666662c3433322c33352c34323835342c333832363923'}	\N	t	2025-12-08 18:48:51.942189+00	2025-12-08 18:48:51.942225+00	2	f	\N	29.7799233	57.5747700	GPS	\N	f	V1
8	29.7829533	57.5723567	92.66	325	0	0	1	\N	0	\N	{'protocol': 'HQ', 'ip_address': '5.124.208.101', 'raw_hex': '2a48512c393137363531353732352c56312c3138343930372c412c323934362e393737322c4e2c30353733342e333431342c452c35302e30332c3332352c3038313232352c66626666666666662c3433322c33352c34323835342c323832373423'}	\N	t	2025-12-08 18:49:09.150491+00	2025-12-08 18:49:09.150529+00	2	f	\N	29.7829533	57.5723567	GPS	\N	f	V1
9	29.7856600	57.5702733	92.67	327	0	0	1	\N	0	\N	{'protocol': 'HQ', 'ip_address': '5.124.208.101', 'raw_hex': '2a48512c393137363531353732352c56312c3138343932322c412c323934372e313339362c4e2c30353733342e323136342c452c35302e30342c3332372c3038313232352c66626666666666662c3433322c33352c34323835342c323832373423'}	\N	t	2025-12-08 18:49:23.483551+00	2025-12-08 18:49:23.483587+00	2	f	\N	29.7856600	57.5702733	GPS	\N	f	V1
10	29.7885133	57.5683000	96.43	329	0	0	1	\N	0	\N	{'protocol': 'HQ', 'ip_address': '5.124.208.101', 'raw_hex': '2a48512c393137363531353732352c56312c3138343933352c412c323934372e333130382c4e2c30353733342e303938302c452c35322e30372c3332392c3038313232352c66626666666666662c3433322c33352c34323835342c323832373423'}	\N	t	2025-12-08 18:49:37.905221+00	2025-12-08 18:49:37.905247+00	2	f	\N	29.7885133	57.5683000	GPS	\N	f	V1
11	29.7918633	57.5659333	96.36	326	0	0	1	\N	0	\N	{'protocol': 'HQ', 'ip_address': '5.124.208.101', 'raw_hex': '2a48512c393137363531353732352c56312c3138343935312c412c323934372e353131382c4e2c30353733332e393536302c452c35322e30332c3332362c3038313232352c66626666666666662c3433322c33352c34323835342c323832373423'}	\N	t	2025-12-08 18:49:52.16993+00	2025-12-08 18:49:52.169952+00	2	f	\N	29.7918633	57.5659333	GPS	\N	f	V1
12	29.7953250	57.5633300	98.17	327	0	0	1	\N	0	\N	{'protocol': 'HQ', 'ip_address': '5.124.208.101', 'raw_hex': '2a48512c393137363531353732352c56312c3138353030382c412c323934372e373139352c4e2c30353733332e373939382c452c35332e30312c3332372c3038313232352c66626666666666662c3433322c33352c34323835342c323832373423'}	\N	t	2025-12-08 18:50:09.163265+00	2025-12-08 18:50:09.163284+00	2	f	\N	29.7953250	57.5633300	GPS	\N	f	V1
13	29.7982333	57.5611583	100.03	326	0	0	1	\N	0	\N	{'protocol': 'HQ', 'ip_address': '5.124.208.101', 'raw_hex': '2a48512c393137363531353732352c56312c3138353032322c412c323934372e383934302c4e2c30353733332e363639352c452c35342e30312c3332362c3038313232352c66626666666666662c3433322c33352c34323835342c323832373423'}	\N	t	2025-12-08 18:50:23.328639+00	2025-12-08 18:50:23.328661+00	2	f	\N	29.7982333	57.5611583	GPS	\N	f	V1
14	29.8012083	57.5589233	100.17	327	0	0	1	\N	0	\N	{'protocol': 'HQ', 'ip_address': '5.124.208.101', 'raw_hex': '2a48512c393137363531353732352c56312c3138353033362c412c323934382e303732352c4e2c30353733332e353335342c452c35342e30392c3332372c3038313232352c66626666666666662c3433322c33352c34323835342c323832373423'}	\N	t	2025-12-08 18:50:37.55138+00	2025-12-08 18:50:37.551399+00	2	f	\N	29.8012083	57.5589233	GPS	\N	f	V1
15	29.8041500	57.5567383	96.36	324	0	0	1	\N	0	\N	{'protocol': 'HQ', 'ip_address': '5.124.208.101', 'raw_hex': '2a48512c393137363531353732352c56312c3138353035312c412c323934382e323439302c4e2c30353733332e343034332c452c35322e30332c3332342c3038313232352c66626666666666662c3433322c33352c34323835342c323832373423'}	\N	t	2025-12-08 18:50:51.733671+00	2025-12-08 18:50:51.733693+00	2	f	\N	29.8041500	57.5567383	GPS	\N	f	V1
16	29.8073667	57.5532383	94.54	310	0	0	1	\N	0	\N	{'protocol': 'HQ', 'ip_address': '5.124.208.101', 'raw_hex': '2a48512c393137363531353732352c56312c3138353130382c412c323934382e343432302c4e2c30353733332e313934332c452c35312e30352c3331302c3038313232352c66626666666666662c3433322c33352c34323835342c323832373423'}	\N	t	2025-12-08 18:51:09.339108+00	2025-12-08 18:51:09.339137+00	2	f	\N	29.8073667	57.5532383	GPS	\N	f	V1
17	29.8093617	57.5502583	92.67	307	0	0	1	\N	0	\N	{'protocol': 'HQ', 'ip_address': '5.124.208.101', 'raw_hex': '2a48512c393137363531353732352c56312c3138353132322c412c323934382e353631372c4e2c30353733332e303135352c452c35302e30342c3330372c3038313232352c66626666666666662c3433322c33352c34323835342c323832373423'}	\N	t	2025-12-08 18:51:23.436501+00	2025-12-08 18:51:23.436519+00	2	f	\N	29.8093617	57.5502583	GPS	\N	f	V1
18	29.8113667	57.5472167	94.58	308	0	0	1	\N	0	\N	{'protocol': 'HQ', 'ip_address': '5.124.208.101', 'raw_hex': '2a48512c393137363531353732352c56312c3138353133362c412c323934382e363832302c4e2c30353733322e383333302c452c35312e30372c3330382c3038313232352c66626666666666662c3433322c33352c34323835342c323832373423'}	\N	t	2025-12-08 18:51:38.100429+00	2025-12-08 18:51:38.100477+00	2	f	\N	29.8113667	57.5472167	GPS	\N	f	V1
19	29.8141483	57.5441617	96.47	324	0	0	1	\N	0	\N	{'protocol': 'HQ', 'ip_address': '5.124.208.101', 'raw_hex': '2a48512c393137363531353732352c56312c3138353135322c412c323934382e383438392c4e2c30353733322e363439372c452c35322e30392c3332342c3038313232352c66626666666666662c3433322c33352c34323835342c323832373423'}	\N	t	2025-12-08 18:51:52.468367+00	2025-12-08 18:51:52.468396+00	2	f	\N	29.8141483	57.5441617	GPS	\N	f	V1
20	29.8173433	57.5415250	98.25	322	0	0	1	\N	0	\N	{'protocol': 'HQ', 'ip_address': '5.124.208.101', 'raw_hex': '2a48512c393137363531353732352c56312c3138353230372c412c323934392e303430362c4e2c30353733322e343931352c452c35332e30352c3332322c3038313232352c66626666666666662c3433322c33352c34323835342c323832373423'}	\N	t	2025-12-08 18:52:09.292119+00	2025-12-08 18:52:09.29216+00	2	f	\N	29.8173433	57.5415250	GPS	\N	f	V1
21	29.8204200	57.5383683	94.54	315	0	0	1	\N	0	\N	{'protocol': 'HQ', 'ip_address': '5.124.208.101', 'raw_hex': '2a48512c393137363531353732352c56312c3138353232342c412c323934392e323235322c4e2c30353733322e333032312c452c35312e30352c3331352c3038313232352c66626666666666662c3433322c33352c34323835342c323832373423'}	\N	t	2025-12-08 18:52:26.067329+00	2025-12-08 18:52:26.067352+00	2	f	\N	29.8204200	57.5383683	GPS	\N	f	V1
22	29.8228667	57.5355950	94.53	315	0	0	1	\N	0	\N	{'protocol': 'HQ', 'ip_address': '5.124.208.101', 'raw_hex': '2a48512c393137363531353732352c56312c3138353233392c412c323934392e333732302c4e2c30353733322e313335372c452c35312e30342c3331352c3038313232352c66626666666666662c3433322c33352c34323835342c323832373423'}	\N	t	2025-12-08 18:52:40.022475+00	2025-12-08 18:52:40.022501+00	2	f	\N	29.8228667	57.5355950	GPS	\N	f	V1
23	29.8253450	57.5328050	96.45	315	0	0	1	\N	0	\N	{'protocol': 'HQ', 'ip_address': '5.124.208.101', 'raw_hex': '2a48512c393137363531353732352c56312c3138353235322c412c323934392e353230372c4e2c30353733312e393638332c452c35322e30382c3331352c3038313232352c66626666666666662c3433322c33352c34323835342c323832373423'}	\N	t	2025-12-08 18:52:54.585528+00	2025-12-08 18:52:54.585554+00	2	f	\N	29.8253450	57.5328050	GPS	\N	f	V1
24	29.8282183	57.5295617	103.84	316	0	0	1	\N	0	\N	{'protocol': 'HQ', 'ip_address': '5.124.208.101', 'raw_hex': '2a48512c393137363531353732352c56312c3138353330382c412c323934392e363933312c4e2c30353733312e373733372c452c35362e30372c3331362c3038313232352c66626666666666662c3433322c33352c34323835342c313832373423'}	\N	t	2025-12-08 18:53:09.460247+00	2025-12-08 18:53:09.460266+00	2	f	\N	29.8282183	57.5295617	GPS	\N	f	V1
25	29.8307417	57.5269100	101.99	317	0	0	1	\N	0	\N	{'protocol': 'HQ', 'ip_address': '5.124.208.101', 'raw_hex': '2a48512c393137363531353732352c56312c3138353332322c412c323934392e383434352c4e2c30353733312e363134362c452c35352e30372c3331372c3038313232352c66626666666666662c3433322c33352c34323835342c313832373423'}	\N	t	2025-12-08 18:53:23.628499+00	2025-12-08 18:53:23.628522+00	2	f	\N	29.8307417	57.5269100	GPS	\N	f	V1
26	29.8334550	57.5240817	105.58	317	0	0	1	\N	0	\N	{'protocol': 'HQ', 'ip_address': '5.124.208.101', 'raw_hex': '2a48512c393137363531353732352c56312c3138353333372c412c323935302e303037332c4e2c30353733312e343434392c452c35372e30312c3331372c3038313232352c66626666666666662c3433322c33352c34323835342c313832373423'}	\N	t	2025-12-08 18:53:37.918301+00	2025-12-08 18:53:37.918323+00	2	f	\N	29.8334550	57.5240817	GPS	\N	f	V1
27	29.8362083	57.5211967	105.62	317	0	0	1	\N	0	\N	{'protocol': 'HQ', 'ip_address': '5.124.208.101', 'raw_hex': '2a48512c393137363531353732352c56312c3138353335302c412c323935302e313732352c4e2c30353733312e323731382c452c35372e30332c3331372c3038313232352c66626666666666662c3433322c33352c34323835342c313832373423'}	\N	t	2025-12-08 18:53:52.327395+00	2025-12-08 18:53:52.327414+00	2	f	\N	29.8362083	57.5211967	GPS	\N	f	V1
28	29.8397117	57.5175417	101.93	317	0	0	1	\N	0	\N	{'protocol': 'HQ', 'ip_address': '5.124.208.101', 'raw_hex': '2a48512c393137363531353732352c56312c3138353430382c412c323935302e333832372c4e2c30353733312e303532352c452c35352e30342c3331372c3038313232352c66626666666666662c3433322c33352c34323835342c313832373423'}	\N	t	2025-12-08 18:54:09.273576+00	2025-12-08 18:54:09.273605+00	2	f	\N	29.8397117	57.5175417	GPS	\N	f	V1
29	29.8424167	57.5147883	103.8	320	0	0	1	\N	0	\N	{'protocol': 'HQ', 'ip_address': '5.124.208.101', 'raw_hex': '2a48512c393137363531353732352c56312c3138353432322c412c323935302e353435302c4e2c30353733302e383837332c452c35362e30352c3332302c3038313232352c66626666666666662c3433322c33352c34323835342c313832373423'}	\N	t	2025-12-08 18:54:23.527388+00	2025-12-08 18:54:23.527411+00	2	f	\N	29.8424167	57.5147883	GPS	\N	f	V1
30	29.8454750	57.5119117	105.62	320	0	0	1	\N	0	\N	{'protocol': 'HQ', 'ip_address': '5.124.208.101', 'raw_hex': '2a48512c393137363531353732352c56312c3138353433362c412c323935302e373238352c4e2c30353733302e373134372c452c35372e30332c3332302c3038313232352c66626666666666662c3433322c33352c34323835342c313832373423'}	\N	t	2025-12-08 18:54:37.720354+00	2025-12-08 18:54:37.72038+00	2	f	\N	29.8454750	57.5119117	GPS	\N	f	V1
31	29.8483600	57.5092250	103.88	320	0	0	1	\N	0	\N	{'protocol': 'HQ', 'ip_address': '5.124.208.101', 'raw_hex': '2a48512c393137363531353732352c56312c3138353435302c412c323935302e393031362c4e2c30353733302e353533352c452c35362e30392c3332302c3038313232352c66626666666666662c3433322c33352c34323835342c313832373423'}	\N	t	2025-12-08 18:54:51.919815+00	2025-12-08 18:54:51.919844+00	2	f	\N	29.8483600	57.5092250	GPS	\N	f	V1
32	29.8517700	57.5054233	107.42	312	0	0	1	\N	0	\N	{'protocol': 'HQ', 'ip_address': '5.124.208.101', 'raw_hex': '2a48512c393137363531353732352c56312c3138353530382c412c323935312e313036322c4e2c30353733302e333235342c452c35382e30302c3331322c3038313232352c66626666666666662c3433322c33352c34323835342c313832373423'}	\N	t	2025-12-08 18:55:09.228682+00	2025-12-08 18:55:09.22873+00	2	f	\N	29.8517700	57.5054233	GPS	\N	f	V1
33	29.8542400	57.5023633	101.92	312	0	0	1	\N	0	\N	{'protocol': 'HQ', 'ip_address': '5.124.208.101', 'raw_hex': '2a48512c393137363531353732352c56312c3138353532312c412c323935312e323534342c4e2c30353733302e313431382c452c35352e30332c3331322c3038313232352c66626666666666662c3433322c33352c34323835342c313832373423'}	\N	t	2025-12-08 18:55:23.63086+00	2025-12-08 18:55:23.630884+00	2	f	\N	29.8542400	57.5023633	GPS	\N	f	V1
34	29.8566767	57.4993717	100.05	313	0	0	1	\N	0	\N	{'protocol': 'HQ', 'ip_address': '5.124.208.101', 'raw_hex': '2a48512c393137363531353732352c56312c3138353533362c412c323935312e343030362c4e2c30353732392e393632332c452c35342e30322c3331332c3038313232352c66626666666666662c3433322c33352c34323835342c313832373423'}	\N	t	2025-12-08 18:55:38.098009+00	2025-12-08 18:55:38.098026+00	2	f	\N	29.8566767	57.4993717	GPS	\N	f	V1
35	29.8590683	57.4964200	100.03	312	0	0	1	\N	0	\N	{'protocol': 'HQ', 'ip_address': '5.124.208.101', 'raw_hex': '2a48512c393137363531353732352c56312c3138353535302c412c323935312e353434312c4e2c30353732392e373835322c452c35342e30312c3331322c3038313232352c66626666666666662c3433322c33352c34323835342c313832373423'}	\N	t	2025-12-08 18:55:52.090463+00	2025-12-08 18:55:52.090489+00	2	f	\N	29.8590683	57.4964200	GPS	\N	f	V1
36	29.8622417	57.4925050	103.77	312	0	0	1	\N	0	\N	{'protocol': 'HQ', 'ip_address': '5.124.208.101', 'raw_hex': '2a48512c393137363531353732352c56312c3138353630382c412c323935312e373334352c4e2c30353732392e353530332c452c35362e30332c3331322c3038313232352c66626666666666662c3433322c33352c34323835342c313832373423'}	\N	t	2025-12-08 18:56:09.397891+00	2025-12-08 18:56:09.39791+00	2	f	\N	29.8622417	57.4925050	GPS	\N	f	V1
37	29.8653833	57.4886217	100.16	312	0	0	1	\N	0	\N	{'protocol': 'HQ', 'ip_address': '5.124.208.101', 'raw_hex': '2a48512c393137363531353732352c56312c3138353632362c412c323935312e393233302c4e2c30353732392e333137332c452c35342e30382c3331322c3038313232352c66626666666666662c3433322c33352c34323835342c313832373423'}	\N	t	2025-12-08 18:56:29.128703+00	2025-12-08 18:56:29.128724+00	2	f	\N	29.8653833	57.4886217	GPS	\N	f	V1
38	29.8704400	57.4823733	101.95	312	0	0	1	\N	0	\N	{'protocol': 'HQ', 'ip_address': '5.124.208.101', 'raw_hex': '2a48512c393137363531353732352c56312c3138353635352c412c323935322e323236342c4e2c30353732382e393432342c452c35352e30352c3331322c3038313232352c66626666666666662c3433322c33352c34323835342c313832373423'}	\N	t	2025-12-08 18:56:58.319838+00	2025-12-08 18:56:58.319858+00	2	f	\N	29.8704400	57.4823733	GPS	\N	f	V1
39	29.8738017	57.4782083	105.6	312	0	0	1	\N	0	\N	{'protocol': 'HQ', 'ip_address': '5.124.208.101', 'raw_hex': '2a48512c393137363531353732352c56312c3138353731352c412c323935322e343238312c4e2c30353732382e363932352c452c35372e30322c3331322c3038313232352c66626666666666662c3433322c33352c32313031332c323835313323'}	\N	t	2025-12-08 18:57:16.375541+00	2025-12-08 18:57:16.37557+00	2	f	\N	29.8738017	57.4782083	GPS	\N	f	V1
40	29.8764700	57.4749300	101.9	313	0	0	1	\N	0	\N	{'protocol': 'HQ', 'ip_address': '5.124.208.101', 'raw_hex': '2a48512c393137363531353732352c56312c3138353732392c412c323935322e353838322c4e2c30353732382e343935382c452c35352e30322c3331332c3038313232352c66626666666666662c3433322c33352c32313031332c323835313323'}	\N	t	2025-12-08 18:57:30.64554+00	2025-12-08 18:57:30.645562+00	2	f	\N	29.8764700	57.4749300	GPS	\N	f	V1
41	29.8789200	57.4719383	100.17	312	0	0	1	\N	0	\N	{'protocol': 'HQ', 'ip_address': '5.124.208.101', 'raw_hex': '2a48512c393137363531353732352c56312c3138353734342c412c323935322e373335322c4e2c30353732382e333136332c452c35342e30392c3331322c3038313232352c66626666666666662c3433322c33352c32313031332c323835313323'}	\N	t	2025-12-08 18:57:45.009197+00	2025-12-08 18:57:45.009225+00	2	f	\N	29.8789200	57.4719383	GPS	\N	f	V1
42	29.8817233	57.4684817	101.95	312	0	0	1	\N	0	\N	{'protocol': 'HQ', 'ip_address': '5.124.208.101', 'raw_hex': '2a48512c393137363531353732352c56312c3138353735372c412c323935322e393033342c4e2c30353732382e313038392c452c35352e30352c3331322c3038313232352c66626666666666662c3433322c33352c32313031332c323835313323'}	\N	t	2025-12-08 18:57:59.48632+00	2025-12-08 18:57:59.486341+00	2	f	\N	29.8817233	57.4684817	GPS	\N	f	V1
43	29.8845933	57.4649300	103.88	312	0	0	1	\N	0	\N	{'protocol': 'HQ', 'ip_address': '5.124.208.101', 'raw_hex': '2a48512c393137363531353732352c56312c3138353831352c412c323935332e303735362c4e2c30353732372e383935382c452c35362e30392c3331322c3038313232352c66626666666666662c3433322c33352c32313031332c323835313323'}	\N	t	2025-12-08 18:58:16.043932+00	2025-12-08 18:58:16.043957+00	2	f	\N	29.8845933	57.4649300	GPS	\N	f	V1
44	29.8870950	57.4618400	103.75	312	0	0	1	\N	0	\N	{'protocol': 'HQ', 'ip_address': '5.124.208.101', 'raw_hex': '2a48512c393137363531353732352c56312c3138353832382c412c323935332e323235372c4e2c30353732372e373130342c452c35362e30322c3331322c3038313232352c66626666666666662c3433322c33352c32313031332c323835313323'}	\N	t	2025-12-08 18:58:30.369245+00	2025-12-08 18:58:30.369264+00	2	f	\N	29.8870950	57.4618400	GPS	\N	f	V1
45	29.8894050	57.4590367	101.93	314	0	0	1	\N	0	\N	{'protocol': 'HQ', 'ip_address': '5.124.208.101', 'raw_hex': '2a48512c393137363531353732352c56312c3138353834342c412c323935332e333634332c4e2c30353732372e353432322c452c35352e30342c3331342c3038313232352c66626666666666662c3433322c33352c32313031332c323835313323'}	\N	t	2025-12-08 18:58:44.758254+00	2025-12-08 18:58:44.758283+00	2	f	\N	29.8894050	57.4590367	GPS	\N	f	V1
46	29.8921783	57.4562900	103.88	322	0	0	1	\N	0	\N	{'protocol': 'HQ', 'ip_address': '5.124.208.101', 'raw_hex': '2a48512c393137363531353732352c56312c3138353835372c412c323935332e353330372c4e2c30353732372e333737342c452c35362e30392c3332322c3038313232352c66626666666666662c3433322c33352c32313031332c323835313323'}	\N	t	2025-12-08 18:58:58.978324+00	2025-12-08 18:58:58.978345+00	2	f	\N	29.8921783	57.4562900	GPS	\N	f	V1
47	29.8956800	57.4535400	105.68	327	0	0	1	\N	0	\N	{'protocol': 'HQ', 'ip_address': '5.124.208.101', 'raw_hex': '2a48512c393137363531353732352c56312c3138353931332c412c323935332e373430382c4e2c30353732372e323132342c452c35372e30362c3332372c3038313232352c66626666666666662c3433322c33352c32313031332c323835313323'}	\N	t	2025-12-08 18:59:14.039419+00	2025-12-08 18:59:14.039442+00	2	f	\N	29.8956800	57.4535400	GPS	\N	f	V1
48	29.8987767	57.4512117	103.73	326	0	0	1	\N	0	\N	{'protocol': 'HQ', 'ip_address': '5.124.208.101', 'raw_hex': '2a48512c393137363531353732352c56312c3138353932372c412c323935332e393236362c4e2c30353732372e303732372c452c35362e30312c3332362c3038313232352c66626666666666662c3433322c33352c32313031332c323835313323'}	\N	t	2025-12-08 18:59:28.633626+00	2025-12-08 18:59:28.63364+00	2	f	\N	29.8987767	57.4512117	GPS	\N	f	V1
49	29.9019850	57.4487767	96.45	326	0	0	1	\N	0	\N	{'protocol': 'HQ', 'ip_address': '5.124.208.101', 'raw_hex': '2a48512c393137363531353732352c56312c3138353934322c412c323935342e313139312c4e2c30353732362e393236362c452c35322e30382c3332362c3038313232352c66626666666666662c3433322c33352c32313031332c323835313323'}	\N	t	2025-12-08 18:59:42.97406+00	2025-12-08 18:59:42.974081+00	2	f	\N	29.9019850	57.4487767	GPS	\N	f	V1
50	29.9049017	57.4465317	101.95	325	0	0	1	\N	0	\N	{'protocol': 'HQ', 'ip_address': '5.124.208.101', 'raw_hex': '2a48512c393137363531353732352c56312c3138353935362c412c323935342e323934312c4e2c30353732362e373931392c452c35352e30352c3332352c3038313232352c66626666666666662c3433322c33352c32313031332c323835313323'}	\N	t	2025-12-08 18:59:57.335437+00	2025-12-08 18:59:57.335478+00	2	f	\N	29.9049017	57.4465317	GPS	\N	f	V1
51	29.9087533	57.4435950	105.58	326	0	0	1	\N	0	\N	{'protocol': 'HQ', 'ip_address': '5.124.208.101', 'raw_hex': '2a48512c393137363531353732352c56312c3139303031322c412c323935342e353235322c4e2c30353732362e363135372c452c35372e30312c3332362c3038313232352c66626666666666662c3433322c33352c32313031332c323835313323'}	\N	t	2025-12-08 19:00:14.32917+00	2025-12-08 19:00:14.329186+00	2	f	\N	29.9087533	57.4435950	GPS	\N	f	V1
52	29.9118233	57.4412667	103.79	326	0	0	1	\N	0	\N	{'protocol': 'HQ', 'ip_address': '5.124.208.101', 'raw_hex': '2a48512c393137363531353732352c56312c3139303032372c412c323935342e373039342c4e2c30353732362e343736302c452c35362e30342c3332362c3038313232352c66626666666666662c3433322c33352c32313031332c323835313323'}	\N	t	2025-12-08 19:00:28.557288+00	2025-12-08 19:00:28.557311+00	2	f	\N	29.9118233	57.4412667	GPS	\N	f	V1
53	29.9149000	57.4389250	105.62	326	0	0	1	\N	0	\N	{'protocol': 'HQ', 'ip_address': '5.124.208.101', 'raw_hex': '2a48512c393137363531353732352c56312c3139303034302c412c323935342e383934302c4e2c30353732362e333335352c452c35372e30332c3332362c3038313232352c66626666666666662c3433322c33352c32313031332c323835313323'}	\N	t	2025-12-08 19:00:42.840411+00	2025-12-08 19:00:42.840441+00	2	f	\N	29.9149000	57.4389250	GPS	\N	f	V1
54	29.9179517	57.4365833	101.88	326	0	0	1	\N	0	\N	{'protocol': 'HQ', 'ip_address': '5.124.208.101', 'raw_hex': '2a48512c393137363531353732352c56312c3139303035352c412c323935352e303737312c4e2c30353732362e313935302c452c35352e30312c3332362c3038313232352c66626666666666662c3433322c33352c32313031332c323835313323'}	\N	t	2025-12-08 19:00:56.996125+00	2025-12-08 19:00:56.996147+00	2	f	\N	29.9179517	57.4365833	GPS	\N	f	V1
55	29.9217800	57.4336783	100.12	326	0	0	1	\N	0	\N	{'protocol': 'HQ', 'ip_address': '5.124.208.101', 'raw_hex': '2a48512c393137363531353732352c56312c3139303131342c412c323935352e333036382c4e2c30353732362e303230372c452c35342e30362c3332362c3038313232352c66626666666666662c3433322c33352c32313031332c333835313323'}	\N	t	2025-12-08 19:01:14.135962+00	2025-12-08 19:01:14.135985+00	2	f	\N	29.9217800	57.4336783	GPS	\N	f	V1
56	29.9246750	57.4313867	100.1	321	0	0	1	\N	0	\N	{'protocol': 'HQ', 'ip_address': '5.124.208.101', 'raw_hex': '2a48512c393137363531353732352c56312c3139303132372c412c323935352e343830352c4e2c30353732352e383833322c452c35342e30352c3332312c3038313232352c66626666666666662c3433322c33352c32313031332c333835313323'}	\N	t	2025-12-08 19:01:28.405795+00	2025-12-08 19:01:28.405826+00	2	f	\N	29.9246750	57.4313867	GPS	\N	f	V1
57	29.9274233	57.4284917	100.08	315	0	0	1	\N	0	\N	{'protocol': 'HQ', 'ip_address': '5.124.208.101', 'raw_hex': '2a48512c393137363531353732352c56312c3139303134312c412c323935352e363435342c4e2c30353732352e373039352c452c35342e30342c3331352c3038313232352c66626666666666662c3433322c33352c32313031332c333835313323'}	\N	t	2025-12-08 19:01:42.773725+00	2025-12-08 19:01:42.773747+00	2	f	\N	29.9274233	57.4284917	GPS	\N	f	V1
58	29.9298100	57.4258150	101.88	315	0	0	1	\N	0	\N	{'protocol': 'HQ', 'ip_address': '5.124.208.101', 'raw_hex': '2a48512c393137363531353732352c56312c3139303135352c412c323935352e373838362c4e2c30353732352e353438392c452c35352e30312c3331352c3038313232352c66626666666666662c3433322c33352c32313031332c333835313323'}	\N	t	2025-12-08 19:01:57.086866+00	2025-12-08 19:01:57.086909+00	2	f	\N	29.9298100	57.4258150	GPS	\N	f	V1
59	29.9327133	57.4224333	103.82	311	0	0	1	\N	0	\N	{'protocol': 'HQ', 'ip_address': '5.124.208.101', 'raw_hex': '2a48512c393137363531353732352c56312c3139303231322c412c323935352e393632382c4e2c30353732352e333436302c452c35362e30362c3331312c3038313232352c66626666666666662c3433322c33352c32313031332c333835313323'}	\N	t	2025-12-08 19:02:14.012104+00	2025-12-08 19:02:14.012133+00	2	f	\N	29.9327133	57.4224333	GPS	\N	f	V1
60	29.9350317	57.4191417	103.8	305	0	0	1	\N	0	\N	{'protocol': 'HQ', 'ip_address': '5.124.208.101', 'raw_hex': '2a48512c393137363531353732352c56312c3139303232362c412c323935362e313031392c4e2c30353732352e313438352c452c35362e30352c3330352c3038313232352c66626666666666662c3433322c33352c32313031332c333835313323'}	\N	t	2025-12-08 19:02:28.583968+00	2025-12-08 19:02:28.584004+00	2	f	\N	29.9350317	57.4191417	GPS	\N	f	V1
61	29.9377967	57.4146533	105.62	304	0	0	1	\N	0	\N	{'protocol': 'HQ', 'ip_address': '5.124.208.101', 'raw_hex': '2a48512c393137363531353732352c56312c3139303234332c412c323935362e323637382c4e2c30353732342e383739322c452c35372e30332c3330342c3038313232352c66626666666666662c3433322c33352c32313031332c333835313323'}	\N	t	2025-12-08 19:02:45.081343+00	2025-12-08 19:02:45.081362+00	2	f	\N	29.9377967	57.4146533	GPS	\N	f	V1
62	29.9399667	57.4111450	105.6	304	0	0	1	\N	0	\N	{'protocol': 'HQ', 'ip_address': '5.124.208.101', 'raw_hex': '2a48512c393137363531353732352c56312c3139303235372c412c323935362e333938302c4e2c30353732342e363638372c452c35372e30322c3330342c3038313232352c66626666666666662c3433322c33352c32313031332c333835313323'}	\N	t	2025-12-08 19:02:59.241911+00	2025-12-08 19:02:59.241933+00	2	f	\N	29.9399667	57.4111450	GPS	\N	f	V1
63	29.9421017	57.4076733	103.84	305	0	0	1	\N	0	\N	{'protocol': 'HQ', 'ip_address': '5.124.208.101', 'raw_hex': '2a48512c393137363531353732352c56312c3139303331332c412c323935362e353236312c4e2c30353732342e343630342c452c35362e30372c3330352c3038313232352c66626666666666662c3433322c33352c32313031332c323832373523'}	\N	t	2025-12-08 19:03:14.164278+00	2025-12-08 19:03:14.164308+00	2	f	\N	29.9421017	57.4076733	GPS	\N	f	V1
64	29.9442533	57.4041800	105.66	304	0	0	1	\N	0	\N	{'protocol': 'HQ', 'ip_address': '5.124.208.101', 'raw_hex': '2a48512c393137363531353732352c56312c3139303332362c412c323935362e363535322c4e2c30353732342e323530382c452c35372e30352c3330342c3038313232352c66626666666666662c3433322c33352c32313031332c323832373523'}	\N	t	2025-12-08 19:03:28.305156+00	2025-12-08 19:03:28.305193+00	2	f	\N	29.9442533	57.4041800	GPS	\N	f	V1
65	29.9464233	57.4003150	105.62	302	0	0	1	\N	0	\N	{'protocol': 'HQ', 'ip_address': '5.124.208.101', 'raw_hex': '2a48512c393137363531353732352c56312c3139303334312c412c323935362e373835342c4e2c30353732342e303138392c452c35372e30332c3330322c3038313232352c66626666666666662c3433322c33352c32313031332c323832373523'}	\N	t	2025-12-08 19:03:42.599503+00	2025-12-08 19:03:42.599518+00	2	f	\N	29.9464233	57.4003150	GPS	\N	f	V1
66	29.9486967	57.3961867	105.64	301	0	0	1	\N	0	\N	{'protocol': 'HQ', 'ip_address': '5.124.208.101', 'raw_hex': '2a48512c393137363531353732352c56312c3139303335352c412c323935362e393231382c4e2c30353732332e373731322c452c35372e30342c3330312c3038313232352c66626666666666662c3433322c33352c32313031332c323832373523'}	\N	t	2025-12-08 19:03:56.740251+00	2025-12-08 19:03:56.740274+00	2	f	\N	29.9486967	57.3961867	GPS	\N	f	V1
67	29.9510150	57.3920033	105.58	301	0	0	1	\N	0	\N	{'protocol': 'HQ', 'ip_address': '5.124.208.101', 'raw_hex': '2a48512c393137363531353732352c56312c3139303431332c412c323935372e303630392c4e2c30353732332e353230322c452c35372e30312c3330312c3038313232352c66626666666666662c3433322c33352c32313031332c323832373523'}	\N	t	2025-12-08 19:04:13.876592+00	2025-12-08 19:04:13.876617+00	2	f	\N	29.9510150	57.3920033	GPS	\N	f	V1
68	29.9526783	57.3882583	105.62	289	0	0	1	\N	0	\N	{'protocol': 'HQ', 'ip_address': '5.124.208.101', 'raw_hex': '2a48512c393137363531353732352c56312c3139303432362c412c323935372e313630372c4e2c30353732332e323935352c452c35372e30332c3238392c3038313232352c66626666666666662c3433322c33352c32313031332c323832373523'}	\N	t	2025-12-08 19:04:28.039432+00	2025-12-08 19:04:28.039464+00	2	f	\N	29.9526783	57.3882583	GPS	\N	f	V1
69	29.9537583	57.3841967	103.77	288	0	0	1	\N	0	\N	{'protocol': 'HQ', 'ip_address': '5.124.208.101', 'raw_hex': '2a48512c393137363531353732352c56312c3139303434312c412c323935372e323235352c4e2c30353732332e303531382c452c35362e30332c3238382c3038313232352c66626666666666662c3433322c33352c32313031332c323832373523'}	\N	t	2025-12-08 19:04:42.349144+00	2025-12-08 19:04:42.349158+00	2	f	\N	29.9537583	57.3841967	GPS	\N	f	V1
70	29.9554883	57.3808250	105.58	309	0	0	1	\N	0	\N	{'protocol': 'HQ', 'ip_address': '5.124.208.101', 'raw_hex': '2a48512c393137363531353732352c56312c3139303435342c412c323935372e333239332c4e2c30353732322e383439352c452c35372e30312c3330392c3038313232352c66626666666666662c3433322c33352c32313031332c323832373523'}	\N	t	2025-12-08 19:04:56.555066+00	2025-12-08 19:04:56.555087+00	2	f	\N	29.9554883	57.3808250	GPS	\N	f	V1
71	29.9587517	57.3763483	103.82	310	0	0	1	\N	0	\N	{'protocol': 'HQ', 'ip_address': '5.124.208.101', 'raw_hex': '2a48512c393137363531353732352c56312c3139303531322c412c323935372e353235312c4e2c30353732322e353830392c452c35362e30362c3331302c3038313232352c66626666666666662c3433322c33352c32313031332c323832373523'}	\N	t	2025-12-08 19:05:13.894952+00	2025-12-08 19:05:13.894972+00	2	f	\N	29.9587517	57.3763483	GPS	\N	f	V1
72	29.9613833	57.3733900	101.99	321	0	0	1	\N	0	\N	{'protocol': 'HQ', 'ip_address': '5.124.208.101', 'raw_hex': '2a48512c393137363531353732352c56312c3139303532372c412c323935372e363833302c4e2c30353732322e343033342c452c35352e30372c3332312c3038313232352c66626666666666662c3433322c33352c32313031332c323832373523'}	\N	t	2025-12-08 19:05:28.016031+00	2025-12-08 19:05:28.016065+00	2	f	\N	29.9613833	57.3733900	GPS	\N	f	V1
73	29.9641967	57.3712117	105.56	328	0	0	1	\N	0	\N	{'protocol': 'HQ', 'ip_address': '5.124.208.101', 'raw_hex': '2a48512c393137363531353732352c56312c3139303534312c412c323935372e383531382c4e2c30353732322e323732372c452c35372e30302c3332382c3038313232352c66626666666666662c3433322c33352c32313031332c323832373523'}	\N	t	2025-12-08 19:05:42.166084+00	2025-12-08 19:05:42.166114+00	2	f	\N	29.9641967	57.3712117	GPS	\N	f	V1
74	29.9675267	57.3687950	103.82	327	0	0	1	\N	0	\N	{'protocol': 'HQ', 'ip_address': '5.124.208.101', 'raw_hex': '2a48512c393137363531353732352c56312c3139303535352c412c323935382e303531362c4e2c30353732322e313237372c452c35362e30362c3332372c3038313232352c66626666666666662c3433322c33352c32313031332c323832373523'}	\N	t	2025-12-08 19:05:56.329242+00	2025-12-08 19:05:56.329276+00	2	f	\N	29.9675267	57.3687950	GPS	\N	f	V1
75	29.9712400	57.3660783	96.4	327	0	0	1	\N	0	\N	{'protocol': 'HQ', 'ip_address': '5.124.208.101', 'raw_hex': '2a48512c393137363531353732352c56312c3139303631322c412c323935382e323734342c4e2c30353732312e393634372c452c35322e30352c3332372c3038313232352c66626666666666662c3433322c33352c32313031332c323832373523'}	\N	t	2025-12-08 19:06:13.785047+00	2025-12-08 19:06:13.785071+00	2	f	\N	29.9712400	57.3660783	GPS	\N	f	V1
76	29.9743883	57.3637883	92.71	327	0	0	1	\N	0	\N	{'protocol': 'HQ', 'ip_address': '5.124.208.101', 'raw_hex': '2a48512c393137363531353732352c56312c3139303632362c412c323935382e343633332c4e2c30353732312e383237332c452c35302e30362c3332372c3038313232352c66626666666666662c3433322c33352c32313031332c323832373523'}	\N	t	2025-12-08 19:06:28.060197+00	2025-12-08 19:06:28.060228+00	2	f	\N	29.9743883	57.3637883	GPS	\N	f	V1
77	29.9770100	57.3618750	92.64	327	0	0	1	\N	0	\N	{'protocol': 'HQ', 'ip_address': '5.124.208.101', 'raw_hex': '2a48512c393137363531353732352c56312c3139303634312c412c323935382e363230362c4e2c30353732312e373132352c452c35302e30322c3332372c3038313232352c66626666666666662c3433322c33352c32313031332c323832373523'}	\N	t	2025-12-08 19:06:42.236916+00	2025-12-08 19:06:42.236937+00	2	f	\N	29.9770100	57.3618750	GPS	\N	f	V1
78	29.9800400	57.3596733	105.71	327	0	0	1	\N	0	\N	{'protocol': 'HQ', 'ip_address': '5.124.208.101', 'raw_hex': '2a48512c393137363531353732352c56312c3139303635352c412c323935382e383032342c4e2c30353732312e353830342c452c35372e30382c3332372c3038313232352c66626666666666662c3433322c33352c32313031332c323832373523'}	\N	t	2025-12-08 19:06:56.451842+00	2025-12-08 19:06:56.451901+00	2	f	\N	29.9800400	57.3596733	GPS	\N	f	V1
79	29.9838733	57.3564733	100.01	319	0	0	1	\N	0	\N	{'protocol': 'HQ', 'ip_address': '5.124.208.101', 'raw_hex': '2a48512c393137363531353732352c56312c3139303731322c412c323935392e303332342c4e2c30353732312e333838342c452c35342e30302c3331392c3038313232352c66626666666666662c3433322c33352c32313031332c333832373523'}	\N	t	2025-12-08 19:07:13.987977+00	2025-12-08 19:07:13.988+00	2	f	\N	29.9838733	57.3564733	GPS	\N	f	V1
80	29.9862883	57.3541550	89.04	320	0	0	1	\N	0	\N	{'protocol': 'HQ', 'ip_address': '5.124.208.101', 'raw_hex': '2a48512c393137363531353732352c56312c3139303732362c412c323935392e313737332c4e2c30353732312e323439332c452c34382e30382c3332302c3038313232352c66626666666666662c3433322c33352c32313031332c333832373523'}	\N	t	2025-12-08 19:07:28.229797+00	2025-12-08 19:07:28.229818+00	2	f	\N	29.9862883	57.3541550	GPS	\N	f	V1
81	29.9887150	57.3518083	88.99	320	0	0	1	\N	0	\N	{'protocol': 'HQ', 'ip_address': '5.124.208.101', 'raw_hex': '2a48512c393137363531353732352c56312c3139303734312c412c323935392e333232392c4e2c30353732312e313038352c452c34382e30352c3332302c3038313232352c66626666666666662c3433322c33352c32313031332c333832373523'}	\N	t	2025-12-08 19:07:42.543832+00	2025-12-08 19:07:42.543871+00	2	f	\N	29.9887150	57.3518083	GPS	\N	f	V1
82	29.9907017	57.3498817	59.36	319	0	0	1	\N	0	\N	{'protocol': 'HQ', 'ip_address': '5.124.208.101', 'raw_hex': '2a48512c393137363531353732352c56312c3139303735352c412c323935392e343432312c4e2c30353732302e393932392c452c33322e30352c3331392c3038313232352c66626666666666662c3433322c33352c32313031332c333832373523'}	\N	t	2025-12-08 19:07:56.640544+00	2025-12-08 19:07:56.640567+00	2	f	\N	29.9907017	57.3498817	GPS	\N	f	V1
83	29.9920250	57.3486550	13.06	321	0	0	1	\N	0	\N	{'protocol': 'HQ', 'ip_address': '5.124.208.101', 'raw_hex': '2a48512c393137363531353732352c56312c3139303831332c412c323935392e353231352c4e2c30353732302e393139332c452c372e30352c3332312c3038313232352c66626666666666662c3433322c33352c32313031332c333832373523'}	\N	t	2025-12-08 19:08:13.922058+00	2025-12-08 19:08:13.922077+00	2	f	\N	29.9920250	57.3486550	GPS	\N	f	V1
84	29.9924817	57.3482400	11.22	321	0	0	1	\N	0	\N	{'protocol': 'HQ', 'ip_address': '5.124.208.101', 'raw_hex': '2a48512c393137363531353732352c56312c3139303832362c412c323935392e353438392c4e2c30353732302e383934342c452c362e30362c3332312c3038313232352c66626666666666662c3433322c33352c32313031332c333832373523'}	\N	t	2025-12-08 19:08:28.226513+00	2025-12-08 19:08:28.226542+00	2	f	\N	29.9924817	57.3482400	GPS	\N	f	V1
85	29.9930000	57.3477400	25.98	317	0	0	1	\N	0	\N	{'protocol': 'HQ', 'ip_address': '5.124.208.101', 'raw_hex': '2a48512c393137363531353732352c56312c3139303834312c412c323935392e353830302c4e2c30353732302e383634342c452c31342e30332c3331372c3038313232352c66626666666666662c3433322c33352c32313031332c333832373523'}	\N	t	2025-12-08 19:08:42.182804+00	2025-12-08 19:08:42.18282+00	2	f	\N	29.9930000	57.3477400	GPS	\N	f	V1
86	29.9944100	57.3463300	72.34	319	0	0	1	\N	0	\N	{'protocol': 'HQ', 'ip_address': '5.124.208.101', 'raw_hex': '2a48512c393137363531353732352c56312c3139303835352c412c323935392e363634362c4e2c30353732302e373739382c452c33392e30362c3331392c3038313232352c66626666666666662c3433322c33352c32313031332c333832373523'}	\N	t	2025-12-08 19:08:56.513952+00	2025-12-08 19:08:56.513975+00	2	f	\N	29.9944100	57.3463300	GPS	\N	f	V1
87	29.9969500	57.3438367	76.04	320	0	0	1	\N	0	\N	{'protocol': 'HQ', 'ip_address': '5.124.208.101', 'raw_hex': '2a48512c393137363531353732352c56312c3139303931332c412c323935392e383137302c4e2c30353732302e363330322c452c34312e30362c3332302c3038313232352c66626666666666662c3433322c33352c32313031332c333832373523'}	\N	t	2025-12-08 19:09:13.976582+00	2025-12-08 19:09:13.976614+00	2	f	\N	29.9969500	57.3438367	GPS	\N	f	V1
88	29.9992917	57.3415700	92.64	319	0	0	1	\N	0	\N	{'protocol': 'HQ', 'ip_address': '5.124.208.101', 'raw_hex': '2a48512c393137363531353732352c56312c3139303932362c412c323935392e393537352c4e2c30353732302e343934322c452c35302e30322c3331392c3038313232352c66626666666666662c3433322c33352c32313031332c333832373523'}	\N	t	2025-12-08 19:09:28.273403+00	2025-12-08 19:09:28.273427+00	2	f	\N	29.9992917	57.3415700	GPS	\N	f	V1
89	30.0016733	57.3392567	98.3	320	0	0	1	\N	0	\N	{'protocol': 'HQ', 'ip_address': '5.124.208.101', 'raw_hex': '2a48512c393137363531353732352c56312c3139303934302c412c333030302e313030342c4e2c30353732302e333535342c452c35332e30382c3332302c3038313232352c66626666666666662c3433322c33352c32313031332c333832373523'}	\N	t	2025-12-08 19:09:42.500879+00	2025-12-08 19:09:42.500899+00	2	f	\N	30.0016733	57.3392567	GPS	\N	f	V1
90	30.0043083	57.3367433	94.58	320	0	0	1	\N	0	\N	{'protocol': 'HQ', 'ip_address': '5.124.208.101', 'raw_hex': '2a48512c393137363531353732352c56312c3139303935352c412c333030302e323538352c4e2c30353732302e323034362c452c35312e30372c3332302c3038313232352c66626666666666662c3433322c33352c32313031332c333832373523'}	\N	t	2025-12-08 19:09:56.769231+00	2025-12-08 19:09:56.769254+00	2	f	\N	30.0043083	57.3367433	GPS	\N	f	V1
91	30.0074350	57.3337083	85.21	319	0	0	1	\N	0	\N	{'protocol': 'HQ', 'ip_address': '5.124.208.101', 'raw_hex': '2a48512c393137363531353732352c56312c3139313031322c412c333030302e343436312c4e2c30353732302e303232352c452c34362e30312c3331392c3038313232352c66626666666666662c3433322c33352c32313031332c333832373523'}	\N	t	2025-12-08 19:10:13.898038+00	2025-12-08 19:10:13.898056+00	2	f	\N	30.0074350	57.3337083	GPS	\N	f	V1
92	30.0099517	57.3312783	98.21	319	0	0	1	\N	0	\N	{'protocol': 'HQ', 'ip_address': '5.124.208.101', 'raw_hex': '2a48512c393137363531353732352c56312c3139313032372c412c333030302e353937312c4e2c30353731392e383736372c452c35332e30332c3331392c3038313232352c66626666666666662c3433322c33352c32313031332c333832373523'}	\N	t	2025-12-08 19:10:28.187132+00	2025-12-08 19:10:28.187167+00	2	f	\N	30.0099517	57.3312783	GPS	\N	f	V1
93	30.0125933	57.3287200	100.01	320	0	0	1	\N	0	\N	{'protocol': 'HQ', 'ip_address': '5.124.208.101', 'raw_hex': '2a48512c393137363531353732352c56312c3139313034312c412c333030302e373535362c4e2c30353731392e373233322c452c35342e30302c3332302c3038313232352c66626666666666662c3433322c33352c32313031332c333832373523'}	\N	t	2025-12-08 19:10:42.404913+00	2025-12-08 19:10:42.40493+00	2	f	\N	30.0125933	57.3287200	GPS	\N	f	V1
94	30.0154383	57.3259633	96.36	319	0	0	1	\N	0	\N	{'protocol': 'HQ', 'ip_address': '5.124.208.101', 'raw_hex': '2a48512c393137363531353732352c56312c3139313035352c412c333030302e393236332c4e2c30353731392e353537382c452c35322e30332c3331392c3038313232352c66626666666666662c3433322c33352c32313031332c333832373523'}	\N	t	2025-12-08 19:10:56.50007+00	2025-12-08 19:10:56.500107+00	2	f	\N	30.0154383	57.3259633	GPS	\N	f	V1
95	30.0187483	57.3225100	89.03	315	0	0	1	\N	0	\N	{'protocol': 'HQ', 'ip_address': '5.124.208.101', 'raw_hex': '2a48512c393137363531353732352c56312c3139313131332c412c333030312e313234392c4e2c30353731392e333530362c452c34382e30372c3331352c3038313232352c66626666666666662c3433322c33352c32313031332c333832373523'}	\N	t	2025-12-08 19:11:14.051999+00	2025-12-08 19:11:14.052057+00	2	f	\N	30.0187483	57.3225100	GPS	\N	f	V1
96	30.0210750	57.3196783	105.69	313	0	0	1	\N	0	\N	{'protocol': 'HQ', 'ip_address': '5.124.208.101', 'raw_hex': '2a48512c393137363531353732352c56312c3139313132372c412c333030312e323634352c4e2c30353731392e313830372c452c35372e30372c3331332c3038313232352c66626666666666662c3433322c33352c32313031332c333832373523'}	\N	t	2025-12-08 19:11:28.276557+00	2025-12-08 19:11:28.276584+00	2	f	\N	30.0210750	57.3196783	GPS	\N	f	V1
97	30.0235683	57.3166133	98.21	313	0	0	1	\N	0	\N	{'protocol': 'HQ', 'ip_address': '5.124.208.101', 'raw_hex': '2a48512c393137363531353732352c56312c3139313134302c412c333030312e343134312c4e2c30353731382e393936382c452c35332e30332c3331332c3038313232352c66626666666666662c3433322c33352c32313031332c333832373523'}	\N	t	2025-12-08 19:11:42.616744+00	2025-12-08 19:11:42.616765+00	2	f	\N	30.0235683	57.3166133	GPS	\N	f	V1
98	30.0292667	57.3094300	90.82	314	0	0	1	\N	0	\N	{'protocol': 'HQ', 'ip_address': '5.124.208.101', 'raw_hex': '2a48512c393137363531353732352c56312c3139313231382c412c333030312e373536302c4e2c30353731382e353635382c452c34392e30342c3331342c3038313232352c66626666666666662c3433322c33352c32313031332c333832373523'}	\N	t	2025-12-08 19:12:19.348154+00	2025-12-08 19:12:19.348178+00	2	f	\N	30.0292667	57.3094300	GPS	\N	f	V1
99	30.0318667	57.3070100	92.66	338	0	0	1	\N	0	\N	{'protocol': 'HQ', 'ip_address': '5.124.208.101', 'raw_hex': '2a48512c393137363531353732352c56312c3139313233322c412c333030312e393132302c4e2c30353731382e343230362c452c35302e30332c3333382c3038313232352c66626666666666662c3433322c33352c32313031332c333832373523'}	\N	t	2025-12-08 19:12:33.535329+00	2025-12-08 19:12:33.535347+00	2	f	\N	30.0318667	57.3070100	GPS	\N	f	V1
100	30.0349333	57.3061417	90.8	357	0	0	1	\N	0	\N	{'protocol': 'HQ', 'ip_address': '5.124.208.101', 'raw_hex': '2a48512c393137363531353732352c56312c3139313234362c412c333030322e303936302c4e2c30353731382e333638352c452c34392e30332c3335372c3038313232352c66626666666666662c3433322c33352c32313031332c333832373523'}	\N	t	2025-12-08 19:12:47.815814+00	2025-12-08 19:12:47.815836+00	2	f	\N	30.0349333	57.3061417	GPS	\N	f	V1
101	30.0383433	57.3067233	101.88	13	0	0	1	\N	0	\N	{'protocol': 'HQ', 'ip_address': '5.124.208.101', 'raw_hex': '2a48512c393137363531353732352c56312c3139313330302c412c333030322e333030362c4e2c30353731382e343033342c452c35352e30312c31332c3038313232352c66626666666666662c3433322c33352c32313031332c333832373523'}	\N	t	2025-12-08 19:13:02.101049+00	2025-12-08 19:13:02.101071+00	2	f	\N	30.0383433	57.3067233	GPS	\N	f	V1
102	30.0423033	57.3077400	102.03	12	0	0	1	\N	0	\N	{'protocol': 'HQ', 'ip_address': '5.124.208.101', 'raw_hex': '2a48512c393137363531353732352c56312c3139313331352c412c333030322e353338322c4e2c30353731382e343634342c452c35352e30392c31322c3038313232352c66626666666666662c3433322c33352c32313031332c333832373523'}	\N	t	2025-12-08 19:13:17.554138+00	2025-12-08 19:13:17.554152+00	2	f	\N	30.0423033	57.3077400	GPS	\N	f	V1
103	30.0460883	57.3087333	100.17	12	0	0	1	\N	0	\N	{'protocol': 'HQ', 'ip_address': '5.124.208.101', 'raw_hex': '2a48512c393137363531353732352c56312c3139313333312c412c333030322e373635332c4e2c30353731382e353234302c452c35342e30392c31322c3038313232352c66626666666666662c3433322c33352c32313031332c333832373523'}	\N	t	2025-12-08 19:13:31.541521+00	2025-12-08 19:13:31.541544+00	2	f	\N	30.0460883	57.3087333	GPS	\N	f	V1
104	30.0510667	57.3092050	103.86	356	0	0	1	\N	0	\N	{'protocol': 'HQ', 'ip_address': '5.124.208.101', 'raw_hex': '2a48512c393137363531353732352c56312c3139313334392c412c333030332e303634302c4e2c30353731382e353532332c452c35362e30382c3335362c3038313232352c66626666666666662c3433322c33352c32313031332c333832373523'}	\N	t	2025-12-08 19:13:50.818945+00	2025-12-08 19:13:50.818969+00	2	f	\N	30.0510667	57.3092050	GPS	\N	f	V1
105	30.0544917	57.3075550	100.08	322	0	0	1	\N	0	\N	{'protocol': 'HQ', 'ip_address': '5.124.208.101', 'raw_hex': '2a48512c393137363531353732352c56312c3139313430342c412c333030332e323639352c4e2c30353731382e343533332c452c35342e30342c3332322c3038313232352c66626666666666662c3433322c33352c32313031332c333832373523'}	\N	t	2025-12-08 19:14:04.932173+00	2025-12-08 19:14:04.932193+00	2	f	\N	30.0544917	57.3075550	GPS	\N	f	V1
106	30.0580333	57.3052483	103.84	335	0	0	1	\N	0	\N	{'protocol': 'HQ', 'ip_address': '5.124.208.101', 'raw_hex': '2a48512c393137363531353732352c56312c3139313432302c412c333030332e343832302c4e2c30353731382e333134392c452c35362e30372c3333352c3038313232352c66626666666666662c3433322c33352c33323835362c323932313023'}	\N	t	2025-12-08 19:14:21.607312+00	2025-12-08 19:14:21.607332+00	2	f	\N	30.0580333	57.3052483	GPS	\N	f	V1
107	30.0614133	57.3034583	105.71	335	0	0	1	\N	0	\N	{'protocol': 'HQ', 'ip_address': '5.124.208.101', 'raw_hex': '2a48512c393137363531353732352c56312c3139313433342c412c333030332e363834382c4e2c30353731382e323037352c452c35372e30382c3333352c3038313232352c66626666666666662c3433322c33352c33323835362c323932313023'}	\N	t	2025-12-08 19:14:35.906237+00	2025-12-08 19:14:35.906285+00	2	f	\N	30.0614133	57.3034583	GPS	\N	f	V1
108	30.0647917	57.3015833	105.73	333	0	0	1	\N	0	\N	{'protocol': 'HQ', 'ip_address': '5.124.208.101', 'raw_hex': '2a48512c393137363531353732352c56312c3139313434382c412c333030332e383837352c4e2c30353731382e303935302c452c35372e30392c3333332c3038313232352c66626666666666662c3433322c33352c33323835362c323932313023'}	\N	t	2025-12-08 19:14:50.291389+00	2025-12-08 19:14:50.291429+00	2	f	\N	30.0647917	57.3015833	GPS	\N	f	V1
109	30.0679083	57.3000883	107.42	343	0	0	1	\N	0	\N	{'protocol': 'HQ', 'ip_address': '5.124.208.101', 'raw_hex': '2a48512c393137363531353732352c56312c3139313530322c412c333030342e303734352c4e2c30353731382e303035332c452c35382e30302c3334332c3038313232352c66626666666666662c3433322c33352c33323835362c323932313023'}	\N	t	2025-12-08 19:15:04.505734+00	2025-12-08 19:15:04.505763+00	2	f	\N	30.0679083	57.3000883	GPS	\N	f	V1
110	30.0719850	57.2987783	101.97	344	0	0	1	\N	0	\N	{'protocol': 'HQ', 'ip_address': '5.124.208.101', 'raw_hex': '2a48512c393137363531353732352c56312c3139313531372c412c333030342e333139312c4e2c30353731372e393236372c452c35352e30362c3334342c3038313232352c66626666666666662c3433322c33352c33323835362c323239333423'}	\N	t	2025-12-08 19:15:19.462366+00	2025-12-08 19:15:19.462389+00	2	f	\N	30.0719850	57.2987783	GPS	\N	f	V1
111	30.0751600	57.2973650	94.53	326	0	0	1	\N	0	\N	{'protocol': 'HQ', 'ip_address': '5.124.208.101', 'raw_hex': '2a48512c393137363531353732352c56312c3139313533322c412c333030342e353039362c4e2c30353731372e383431392c452c35312e30342c3332362c3038313232352c66626666666666662c3433322c33352c33323835362c323239333423'}	\N	t	2025-12-08 19:15:33.851988+00	2025-12-08 19:15:33.85202+00	2	f	\N	30.0751600	57.2973650	GPS	\N	f	V1
112	30.0779333	57.2952133	92.69	333	0	0	1	\N	0	\N	{'protocol': 'HQ', 'ip_address': '5.124.208.101', 'raw_hex': '2a48512c393137363531353732352c56312c3139313534372c412c333030342e363736302c4e2c30353731372e373132382c452c35302e30352c3333332c3038313232352c66626666666666662c3433322c33352c33323835362c323239333423'}	\N	t	2025-12-08 19:15:48.064635+00	2025-12-08 19:15:48.064656+00	2	f	\N	30.0779333	57.2952133	GPS	\N	f	V1
113	30.0813450	57.2946933	96.32	11	0	0	1	\N	0	\N	{'protocol': 'HQ', 'ip_address': '5.124.208.101', 'raw_hex': '2a48512c393137363531353732352c56312c3139313630312c412c333030342e383830372c4e2c30353731372e363831362c452c35322e30312c31312c3038313232352c66626666666666662c3433322c33352c33323835362c323239333423'}	\N	t	2025-12-08 19:16:02.26411+00	2025-12-08 19:16:02.264136+00	2	f	\N	30.0813450	57.2946933	GPS	\N	f	V1
114	30.0855383	57.2963167	100.08	18	0	0	1	\N	0	\N	{'protocol': 'HQ', 'ip_address': '5.124.208.101', 'raw_hex': '2a48512c393137363531353732352c56312c3139313631382c412c333030352e313332332c4e2c30353731372e373739302c452c35342e30342c31382c3038313232352c66626666666666662c3433322c33352c33323835362c313932313023'}	\N	t	2025-12-08 19:16:19.024258+00	2025-12-08 19:16:19.024276+00	2	f	\N	30.0855383	57.2963167	GPS	\N	f	V1
115	30.0886533	57.2976000	85.21	19	0	0	1	\N	0	\N	{'protocol': 'HQ', 'ip_address': '5.124.208.101', 'raw_hex': '2a48512c393137363531353732352c56312c3139313633322c412c333030352e333139322c4e2c30353731372e383536302c452c34362e30312c31392c3038313232352c66626666666666662c3433322c33352c33323835362c313932313023'}	\N	t	2025-12-08 19:16:33.095193+00	2025-12-08 19:16:33.095245+00	2	f	\N	30.0886533	57.2976000	GPS	\N	f	V1
116	30.0914700	57.2986900	90.82	15	0	0	1	\N	0	\N	{'protocol': 'HQ', 'ip_address': '5.124.208.101', 'raw_hex': '2a48512c393137363531353732352c56312c3139313634362c412c333030352e343838322c4e2c30353731372e393231342c452c34392e30342c31352c3038313232352c66626666666666662c3433322c33352c33323835362c313932313023'}	\N	t	2025-12-08 19:16:47.199448+00	2025-12-08 19:16:47.199496+00	2	f	\N	30.0914700	57.2986900	GPS	\N	f	V1
117	30.0948850	57.2988617	103.79	352	0	0	1	\N	0	\N	{'protocol': 'HQ', 'ip_address': '5.124.208.101', 'raw_hex': '2a48512c393137363531353732352c56312c3139313635392c412c333030352e363933312c4e2c30353731372e393331372c452c35362e30342c3335322c3038313232352c66626666666666662c3433322c33352c33323835362c313932313023'}	\N	t	2025-12-08 19:17:01.451308+00	2025-12-08 19:17:01.451336+00	2	f	\N	30.0948850	57.2988617	GPS	\N	f	V1
118	30.0996400	57.2979633	107.55	350	0	0	1	\N	0	\N	{'protocol': 'HQ', 'ip_address': '5.124.208.101', 'raw_hex': '2a48512c393137363531353732352c56312c3139313731382c412c333030352e393738342c4e2c30353731372e383737382c452c35382e30372c3335302c3038313232352c66626666666666662c3433322c33352c33323835362c313932313023'}	\N	t	2025-12-08 19:17:19.170825+00	2025-12-08 19:17:19.170846+00	2	f	\N	30.0996400	57.2979633	GPS	\N	f	V1
119	30.1034000	57.2972733	107.47	350	0	0	1	\N	0	\N	{'protocol': 'HQ', 'ip_address': '5.124.208.101', 'raw_hex': '2a48512c393137363531353732352c56312c3139313733322c412c333030362e323034302c4e2c30353731372e383336342c452c35382e30332c3335302c3038313232352c66626666666666662c3433322c33352c33323835362c313932313023'}	\N	t	2025-12-08 19:17:33.271838+00	2025-12-08 19:17:33.271855+00	2	f	\N	30.1034000	57.2972733	GPS	\N	f	V1
120	30.1070850	57.2966150	105.68	350	0	0	1	\N	0	\N	{'protocol': 'HQ', 'ip_address': '5.124.208.101', 'raw_hex': '2a48512c393137363531353732352c56312c3139313734362c412c333030362e343235312c4e2c30353731372e373936392c452c35372e30362c3335302c3038313232352c66626666666666662c3433322c33352c33323835362c313932313023'}	\N	t	2025-12-08 19:17:49.487231+00	2025-12-08 19:17:49.487254+00	2	f	\N	30.1070850	57.2966150	GPS	\N	f	V1
121	30.1110200	57.2958867	103.82	351	0	0	1	\N	0	\N	{'protocol': 'HQ', 'ip_address': '5.124.208.101', 'raw_hex': '2a48512c393137363531353732352c56312c3139313830322c412c333030362e363631322c4e2c30353731372e373533322c452c35362e30362c3335312c3038313232352c66626666666666662c3433322c33352c33323835362c313932313023'}	\N	t	2025-12-08 19:18:02.995613+00	2025-12-08 19:18:02.995641+00	2	f	\N	30.1110200	57.2958867	GPS	\N	f	V1
122	30.1151600	57.2951050	103.82	350	0	0	1	\N	0	\N	{'protocol': 'HQ', 'ip_address': '5.124.208.101', 'raw_hex': '2a48512c393137363531353732352c56312c3139313831372c412c333030362e393039362c4e2c30353731372e373036332c452c35362e30362c3335302c3038313232352c66626666666666662c3433322c33352c33323835362c313932313023'}	\N	t	2025-12-08 19:18:19.013231+00	2025-12-08 19:18:19.013249+00	2	f	\N	30.1151600	57.2951050	GPS	\N	f	V1
123	30.1185550	57.2944733	105.56	350	0	0	1	\N	0	\N	{'protocol': 'HQ', 'ip_address': '5.124.208.101', 'raw_hex': '2a48512c393137363531353732352c56312c3139313833312c412c333030372e313133332c4e2c30353731372e363638342c452c35372e30302c3335302c3038313232352c66626666666666662c3433322c33352c33323835362c313932313023'}	\N	t	2025-12-08 19:18:33.092286+00	2025-12-08 19:18:33.092331+00	2	f	\N	30.1185550	57.2944733	GPS	\N	f	V1
124	30.1221667	57.2937900	102.03	350	0	0	1	\N	0	\N	{'protocol': 'HQ', 'ip_address': '5.124.208.101', 'raw_hex': '2a48512c393137363531353732352c56312c3139313834352c412c333030372e333330302c4e2c30353731372e363237342c452c35352e30392c3335302c3038313232352c66626666666666662c3433322c33352c33323835362c313932313023'}	\N	t	2025-12-08 19:18:47.264355+00	2025-12-08 19:18:47.264382+00	2	f	\N	30.1221667	57.2937900	GPS	\N	f	V1
125	30.1262933	57.2930233	103.71	350	0	0	1	\N	0	\N	{'protocol': 'HQ', 'ip_address': '5.124.208.101', 'raw_hex': '2a48512c393137363531353732352c56312c3139313930312c412c333030372e353737362c4e2c30353731372e353831342c452c35362e30302c3335302c3038313232352c66626666666666662c3433322c33352c33323835362c313932313023'}	\N	t	2025-12-08 19:19:01.605632+00	2025-12-08 19:19:01.605654+00	2	f	\N	30.1262933	57.2930233	GPS	\N	f	V1
126	30.1311300	57.2921167	100.12	351	0	0	1	\N	0	\N	{'protocol': 'HQ', 'ip_address': '5.124.208.101', 'raw_hex': '2a48512c393137363531353732352c56312c3139313931382c412c333030372e383637382c4e2c30353731372e353237302c452c35342e30362c3335312c3038313232352c66626666666666662c3433322c33352c33323835362c323932303723'}	\N	t	2025-12-08 19:19:22.002084+00	2025-12-08 19:19:22.002114+00	2	f	\N	30.1311300	57.2921167	GPS	\N	f	V1
127	30.1348000	57.2912650	98.16	347	0	0	1	\N	0	\N	{'protocol': 'HQ', 'ip_address': '5.124.208.101', 'raw_hex': '2a48512c393137363531353732352c56312c3139313933342c412c333030382e303838302c4e2c30353731372e343735392c452c35332e30302c3334372c3038313232352c66626666666666662c3433322c33352c33323835362c323932303723'}	\N	t	2025-12-08 19:19:36.272147+00	2025-12-08 19:19:36.272207+00	2	f	\N	30.1348000	57.2912650	GPS	\N	f	V1
128	30.1380867	57.2903650	94.54	344	0	0	1	\N	0	\N	{'protocol': 'HQ', 'ip_address': '5.124.208.101', 'raw_hex': '2a48512c393137363531353732352c56312c3139313934392c412c333030382e323835322c4e2c30353731372e343231392c452c35312e30352c3334342c3038313232352c66626666666666662c3433322c33352c33323835362c323932303723'}	\N	t	2025-12-08 19:19:51.006249+00	2025-12-08 19:19:51.006272+00	2	f	\N	30.1380867	57.2903650	GPS	\N	f	V1
129	30.1413183	57.2895167	92.71	346	0	0	1	\N	0	\N	{'protocol': 'HQ', 'ip_address': '5.124.208.101', 'raw_hex': '2a48512c393137363531353732352c56312c3139323030342c412c333030382e343739312c4e2c30353731372e333731302c452c35302e30362c3334362c3038313232352c66626666666666662c3433322c33352c33323835362c323932303723'}	\N	t	2025-12-08 19:20:05.847902+00	2025-12-08 19:20:05.847946+00	2	f	\N	30.1413183	57.2895167	GPS	\N	f	V1
130	30.1454417	57.2884183	94.56	346	0	0	1	\N	0	\N	{'protocol': 'HQ', 'ip_address': '5.124.208.101', 'raw_hex': '2a48512c393137363531353732352c56312c3139323032302c412c333030382e373236352c4e2c30353731372e333035312c452c35312e30362c3334362c3038313232352c66626666666666662c3433322c33352c33323835362c313932313023'}	\N	t	2025-12-08 19:20:21.895771+00	2025-12-08 19:20:21.895801+00	2	f	\N	30.1454417	57.2884183	GPS	\N	f	V1
131	30.1487417	57.2877333	92.75	355	0	0	1	\N	0	\N	{'protocol': 'HQ', 'ip_address': '5.124.208.101', 'raw_hex': '2a48512c393137363531353732352c56312c3139323033352c412c333030382e393234352c4e2c30353731372e323634302c452c35302e30382c3335352c3038313232352c66626666666666662c3433322c33352c33323835362c313932313023'}	\N	t	2025-12-08 19:20:39.498284+00	2025-12-08 19:20:39.498309+00	2	f	\N	30.1487417	57.2877333	GPS	\N	f	V1
132	30.1583317	57.2880583	85.27	0	0	0	1	\N	0	\N	{'protocol': 'HQ', 'ip_address': '5.124.208.101', 'raw_hex': '2a48512c393137363531353732352c56312c3139323131382c412c333030392e343939392c4e2c30353731372e323833352c452c34362e30342c302c3038313232352c66626666666666662c3433322c33352c33323835362c323735323123'}	\N	t	2025-12-08 19:21:19.063503+00	2025-12-08 19:21:19.063542+00	2	f	\N	30.1583317	57.2880583	GPS	\N	f	V1
133	30.1614283	57.2881567	89.04	2	0	0	1	\N	0	\N	{'protocol': 'HQ', 'ip_address': '5.124.208.101', 'raw_hex': '2a48512c393137363531353732352c56312c3139323133322c412c333030392e363835372c4e2c30353731372e323839342c452c34382e30382c322c3038313232352c66626666666666662c3433322c33352c33323835362c323735323123'}	\N	t	2025-12-08 19:21:33.187582+00	2025-12-08 19:21:33.1876+00	2	f	\N	30.1614283	57.2881567	GPS	\N	f	V1
134	30.1643933	57.2883067	90.88	1	0	0	1	\N	0	\N	{'protocol': 'HQ', 'ip_address': '5.124.208.101', 'raw_hex': '2a48512c393137363531353732352c56312c3139323134362c412c333030392e383633362c4e2c30353731372e323938342c452c34392e30372c312c3038313232352c66626666666666662c3433322c33352c33323835362c323735323123'}	\N	t	2025-12-08 19:21:47.447217+00	2025-12-08 19:21:47.447242+00	2	f	\N	30.1643933	57.2883067	GPS	\N	f	V1
135	30.1679600	57.2884300	98.19	1	0	0	1	\N	0	\N	{'protocol': 'HQ', 'ip_address': '5.124.208.101', 'raw_hex': '2a48512c393137363531353732352c56312c3139323230302c412c333031302e303737362c4e2c30353731372e333035382c452c35332e30322c312c3038313232352c66626666666666662c3433322c33352c33323835362c323735323123'}	\N	t	2025-12-08 19:22:01.634547+00	2025-12-08 19:22:01.634561+00	2	f	\N	30.1679600	57.2884300	GPS	\N	f	V1
136	30.1724700	57.2886000	98.25	1	0	0	1	\N	0	\N	{'protocol': 'HQ', 'ip_address': '5.124.208.101', 'raw_hex': '2a48512c393137363531353732352c56312c3139323231382c412c333031302e333438322c4e2c30353731372e333136302c452c35332e30352c312c3038313232352c66626666666666662c3433322c33352c33323835362c323932303723'}	\N	t	2025-12-08 19:22:19.820538+00	2025-12-08 19:22:19.820554+00	2	f	\N	30.1724700	57.2886000	GPS	\N	f	V1
137	30.1761267	57.2887367	98.27	3	0	0	1	\N	0	\N	{'protocol': 'HQ', 'ip_address': '5.124.208.101', 'raw_hex': '2a48512c393137363531353732352c56312c3139323233332c412c333031302e353637362c4e2c30353731372e333234322c452c35332e30362c332c3038313232352c66626666666666662c3433322c33352c33323835362c323932303723'}	\N	t	2025-12-08 19:22:33.974662+00	2025-12-08 19:22:33.974684+00	2	f	\N	30.1761267	57.2887367	GPS	\N	f	V1
138	30.1800567	57.2884850	96.45	339	0	0	1	\N	0	\N	{'protocol': 'HQ', 'ip_address': '5.124.208.101', 'raw_hex': '2a48512c393137363531353732352c56312c3139323234372c412c333031302e383033342c4e2c30353731372e333039312c452c35322e30382c3333392c3038313232352c66626666666666662c3433322c33352c33323835362c323932303723'}	\N	t	2025-12-08 19:22:48.343779+00	2025-12-08 19:22:48.343818+00	2	f	\N	30.1800567	57.2884850	GPS	\N	f	V1
139	30.1831217	57.2869917	103.75	337	0	0	1	\N	0	\N	{'protocol': 'HQ', 'ip_address': '5.124.208.101', 'raw_hex': '2a48512c393137363531353732352c56312c3139323330312c412c333031302e393837332c4e2c30353731372e323139352c452c35362e30322c3333372c3038313232352c66626666666666662c3433322c33352c33323835362c323932303723'}	\N	t	2025-12-08 19:23:02.535299+00	2025-12-08 19:23:02.535324+00	2	f	\N	30.1831217	57.2869917	GPS	\N	f	V1
140	30.1876367	57.2847417	101.93	336	0	0	1	\N	0	\N	{'protocol': 'HQ', 'ip_address': '5.124.208.101', 'raw_hex': '2a48512c393137363531353732352c56312c3139323331392c412c333031312e323538322c4e2c30353731372e303834352c452c35352e30342c3333362c3038313232352c66626666666666662c3433322c33352c33323835362c333932303723'}	\N	t	2025-12-08 19:23:20.957839+00	2025-12-08 19:23:20.95786+00	2	f	\N	30.1876367	57.2847417	GPS	\N	f	V1
141	30.1906333	57.2832433	96.38	337	0	0	1	\N	0	\N	{'protocol': 'HQ', 'ip_address': '5.124.208.101', 'raw_hex': '2a48512c393137363531353732352c56312c3139323333332c412c333031312e343338302c4e2c30353731362e393934362c452c35322e30342c3333372c3038313232352c66626666666666662c3433322c33352c33323835362c333932303723'}	\N	t	2025-12-08 19:23:35.177821+00	2025-12-08 19:23:35.177853+00	2	f	\N	30.1906333	57.2832433	GPS	\N	f	V1
142	30.1936683	57.2816400	92.77	330	0	0	1	\N	0	\N	{'protocol': 'HQ', 'ip_address': '5.124.208.101', 'raw_hex': '2a48512c393137363531353732352c56312c3139323334372c412c333031312e363230312c4e2c30353731362e383938342c452c35302e30392c3333302c3038313232352c66626666666666662c3433322c33352c33323835362c333932303723'}	\N	t	2025-12-08 19:23:49.260256+00	2025-12-08 19:23:49.260288+00	2	f	\N	30.1936683	57.2816400	GPS	\N	f	V1
143	30.1962450	57.2795100	90.9	320	0	0	1	\N	0	\N	{'protocol': 'HQ', 'ip_address': '5.124.208.101', 'raw_hex': '2a48512c393137363531353732352c56312c3139323430322c412c333031312e373734372c4e2c30353731362e373730362c452c34392e30382c3332302c3038313232352c66626666666666662c3433322c33352c33323835362c333932303723'}	\N	t	2025-12-08 19:24:03.316234+00	2025-12-08 19:24:03.316256+00	2	f	\N	30.1962450	57.2795100	GPS	\N	f	V1
144	30.2023067	57.2729750	96.45	304	0	0	1	\N	0	\N	{'protocol': 'HQ', 'ip_address': '5.124.208.101', 'raw_hex': '2a48512c393137363531353732352c56312c3139323433352c412c333031322e313338342c4e2c30353731362e333738352c452c35322e30382c3330342c3038313232352c66626666666666662c3433322c33352c33323835362c333932303723'}	\N	t	2025-12-08 19:24:37.042059+00	2025-12-08 19:24:37.042088+00	2	f	\N	30.2023067	57.2729750	GPS	\N	f	V1
145	30.2055883	57.2673600	103.82	304	0	0	1	\N	0	\N	{'protocol': 'HQ', 'ip_address': '5.124.208.101', 'raw_hex': '2a48512c393137363531353732352c56312c3139323435372c412c333031322e333335332c4e2c30353731362e303431362c452c35362e30362c3330342c3038313232352c66626666666666662c3433322c33352c33323835362c333932303723'}	\N	t	2025-12-08 19:24:59.937424+00	2025-12-08 19:24:59.937454+00	2	f	\N	30.2055883	57.2673600	GPS	\N	f	V1
146	30.2104500	57.2596983	96.4	298	0	0	1	\N	0	\N	{'protocol': 'HQ', 'ip_address': '5.124.208.101', 'raw_hex': '2a48512c393137363531353732352c56312c3139323533302c412c333031322e363237302c4e2c30353731352e353831392c452c35322e30352c3239382c3038313232352c66626666666666662c3433322c33352c33323835362c323735323123'}	\N	t	2025-12-08 19:25:30.95425+00	2025-12-08 19:25:30.954274+00	2	f	\N	30.2104500	57.2596983	GPS	\N	f	V1
147	30.2149750	57.2516833	105.71	309	0	0	1	\N	0	\N	{'protocol': 'HQ', 'ip_address': '5.124.208.101', 'raw_hex': '2a48512c393137363531353732352c56312c3139323630312c412c333031322e383938352c4e2c30353731352e313031302c452c35372e30382c3330392c3038313232352c66626666666666662c3433322c33352c33323835362c323735323123'}	\N	t	2025-12-08 19:26:03.228373+00	2025-12-08 19:26:03.228393+00	2	f	\N	30.2149750	57.2516833	GPS	\N	f	V1
148	30.2171833	57.2485450	103.71	308	0	0	1	\N	0	\N	{'protocol': 'HQ', 'ip_address': '5.124.208.101', 'raw_hex': '2a48512c393137363531353732352c56312c3139323631362c412c333031332e303331302c4e2c30353731342e393132372c452c35362e30302c3330382c3038313232352c66626666666666662c3433322c33352c33323835362c323735323123'}	\N	t	2025-12-08 19:26:17.409617+00	2025-12-08 19:26:17.409644+00	2	f	\N	30.2171833	57.2485450	GPS	\N	f	V1
149	30.2202500	57.2441383	107.43	308	0	0	1	\N	0	\N	{'protocol': 'HQ', 'ip_address': '5.124.208.101', 'raw_hex': '2a48512c393137363531353732352c56312c3139323633342c412c333031332e323135302c4e2c30353731342e363438332c452c35382e30312c3330382c3038313232352c66626666666666662c3433322c33352c33323835362c313430363523'}	\N	t	2025-12-08 19:26:36.413442+00	2025-12-08 19:26:36.413464+00	2	f	\N	30.2202500	57.2441383	GPS	\N	f	V1
150	30.2247450	57.2377083	103.82	308	0	0	1	\N	0	\N	{'protocol': 'HQ', 'ip_address': '5.124.208.101', 'raw_hex': '2a48512c393137363531353732352c56312c3139323730312c412c333031332e343834372c4e2c30353731342e323632352c452c35362e30362c3330382c3038313232352c66626666666666662c3433322c33352c33323835362c313430363523'}	\N	t	2025-12-08 19:27:02.38763+00	2025-12-08 19:27:02.387653+00	2	f	\N	30.2247450	57.2377083	GPS	\N	f	V1
151	30.2269067	57.2346083	94.51	308	0	0	1	\N	0	\N	{'protocol': 'HQ', 'ip_address': '5.124.208.101', 'raw_hex': '2a48512c393137363531353732352c56312c3139323731352c412c333031332e363134342c4e2c30353731342e303736352c452c35312e30332c3330382c3038313232352c66626666666666662c3433322c33352c33323835362c313430363523'}	\N	t	2025-12-08 19:27:16.319309+00	2025-12-08 19:27:16.319334+00	2	f	\N	30.2269067	57.2346083	GPS	\N	f	V1
152	30.2532367	57.1779967	96.34	264	0	0	1	\N	0	\N	{'protocol': 'HQ', 'ip_address': '5.124.139.12', 'raw_hex': '2a48512c393137363531353732352c56312c3139333130362c412c333031352e313934322c4e2c30353731302e363739382c452c35322e30322c3236342c3038313232352c66626666666666662c3433322c33352c33323835362c313230303123'}	\N	t	2025-12-08 19:31:02.903656+00	2025-12-08 19:31:02.903686+00	2	f	\N	30.2532367	57.1779967	GPS	\N	f	V1
\.


--
-- Data for Name: gps_devices_model; Type: TABLE DATA; Schema: public; Owner: gpsstore_user
--

COPY public.gps_devices_model (id, model_name, manufacturer, protocol_type, default_config, image_url, description, created_at, updated_at) FROM stdin;
1	HQ TR02	Huabao	TCP	{}	\N	HQ Text Protocol GPS Tracker	2025-12-08 18:47:18.006462+00	2025-12-08 18:47:18.006491+00
\.


--
-- Data for Name: gps_devices_rawgpsdata; Type: TABLE DATA; Schema: public; Owner: gpsstore_user
--

COPY public.gps_devices_rawgpsdata (id, raw_data, ip_address, status, error_message, created_at, updated_at, device_id) FROM stdin;
1	*HQ,9176515712,V1,184503,A,3632.5234,N,05300.2204,E,0.00,160,081225,fbfffbff,432,35,22532,33427#	2.145.217.106	pending	No admin user available	2025-12-08 18:45:02.743838+00	2025-12-08 18:45:02.743868+00	\N
2	*HQ,9176515436,V1,184502,V,3441.5528,N,05052.1061,E,0.00,41,081225,fbfffbff,432,35,12672,24979#	5.117.88.47	pending	No admin user available	2025-12-08 18:45:04.046448+00	2025-12-08 18:45:04.046475+00	\N
3	*HQ,9176515725,V1,184508,A,2945.7613,N,05735.1187,E,0.00,0,081225,fbfffbff,432,35,42854,38269#	5.124.208.101	pending	No admin user available	2025-12-08 18:45:09.497426+00	2025-12-08 18:45:09.497452+00	\N
4	*HQ,9176515712,V1,184517,A,3632.5234,N,05300.2204,E,0.00,160,081225,fbfffbff,432,35,22532,33427#	2.145.217.106	pending	No admin user available	2025-12-08 18:45:16.568628+00	2025-12-08 18:45:16.568656+00	\N
5	*HQ,9176515436,V1,184520,V,3441.5528,N,05052.1061,E,0.00,41,081225,fbfffbff,432,35,12672,24979#	5.117.88.47	pending	No admin user available	2025-12-08 18:45:21.841613+00	2025-12-08 18:45:21.841632+00	\N
6	*HQ,9176515725,V1,184523,A,2945.7614,N,05735.1189,E,0.00,0,081225,fbfffbff,432,35,42854,38269#	5.124.208.101	pending	No admin user available	2025-12-08 18:45:23.90281+00	2025-12-08 18:45:23.90283+00	\N
7	*HQ,9176515697,V1,184527,A,3710.0116,N,04939.8313,E,0.00,0,081225,fbfffbff,432,35,12937,39108#	5.121.147.243	pending	No admin user available	2025-12-08 18:45:24.362511+00	2025-12-08 18:45:24.362556+00	\N
8	*HQ,9176515396,V1,184525,V,2717.2534,N,05620.3335,E,0.00,335,081225,fbfffbff,432,35,12522,29884#	5.119.17.246	pending	No admin user available	2025-12-08 18:45:28.592755+00	2025-12-08 18:45:28.592797+00	\N
9	*HQ,9176515712,V1,184528,A,3632.5234,N,05300.2204,E,0.00,160,081225,fbfffbff,432,35,22532,33427#	2.145.217.106	pending	No admin user available	2025-12-08 18:45:29.960563+00	2025-12-08 18:45:29.960595+00	\N
10	*HQ,9176515697,V1,184540,A,3710.0115,N,04939.8323,E,0.00,0,081225,fbfffbff,432,35,12937,39108#	5.121.147.243	pending	No admin user available	2025-12-08 18:45:37.977565+00	2025-12-08 18:45:37.977612+00	\N
11	*HQ,9176515725,V1,184536,A,2945.7614,N,05735.1190,E,0.00,0,081225,fbfffbff,432,35,42854,38269#	5.124.208.101	pending	No admin user available	2025-12-08 18:45:38.066732+00	2025-12-08 18:45:38.066758+00	\N
12	*HQ,9176515396,V1,184539,V,2717.2534,N,05620.3335,E,0.00,335,081225,fbfffbff,432,35,12522,29884#	5.119.17.246	pending	No admin user available	2025-12-08 18:45:41.628309+00	2025-12-08 18:45:41.628346+00	\N
13	*HQ,9176515436,V1,184540,V,3441.5528,N,05052.1061,E,0.00,41,081225,fbfffbff,432,35,12672,24979#	5.117.88.47	pending	No admin user available	2025-12-08 18:45:41.956585+00	2025-12-08 18:45:41.956609+00	\N
14	*HQ,9176515712,V1,184543,A,3632.5233,N,05300.2203,E,0.00,160,081225,fbfffbff,432,35,22532,33427#	2.145.217.106	pending	No admin user available	2025-12-08 18:45:43.544952+00	2025-12-08 18:45:43.544974+00	\N
15	*HQ,9176515725,V1,184550,A,2945.7613,N,05735.1190,E,0.00,0,081225,fbfffbff,432,35,42854,38269#	5.124.208.101	pending	No admin user available	2025-12-08 18:45:52.2339+00	2025-12-08 18:45:52.233988+00	\N
16	*HQ,9176515697,V1,184557,A,3710.0116,N,04939.8329,E,0.00,0,081225,fbfffbff,432,35,12937,39108#	5.121.147.243	pending	No admin user available	2025-12-08 18:45:55.003362+00	2025-12-08 18:45:55.003384+00	\N
17	*HQ,9176515396,V1,184552,V,2717.2534,N,05620.3335,E,0.00,335,081225,fbfffbff,432,35,12522,29884#	5.119.17.246	pending	No admin user available	2025-12-08 18:45:55.983963+00	2025-12-08 18:45:55.983985+00	\N
18	*HQ,9176515436,V1,184556,V,3441.5528,N,05052.1061,E,0.00,41,081225,fbfffbff,432,35,12672,24979#	5.117.88.47	pending	No admin user available	2025-12-08 18:45:57.545085+00	2025-12-08 18:45:57.545114+00	\N
19	*HQ,9176515712,V1,184559,A,3632.5234,N,05300.2203,E,0.00,160,081225,fbfffbff,432,35,22532,33427#	2.145.217.106	pending	No admin user available	2025-12-08 18:45:59.453736+00	2025-12-08 18:45:59.453781+00	\N
20	*HQ,9176515725,V1,184608,A,2945.7611,N,05735.1189,E,0.00,0,081225,fbffffff,432,35,42854,38269#	5.124.208.101	pending	No admin user available	2025-12-08 18:46:09.723184+00	2025-12-08 18:46:09.723221+00	\N
21	*HQ,9176515697,V1,184613,A,3710.0114,N,04939.8337,E,0.00,0,081225,fbfffbff,432,35,12937,39108#	5.121.147.243	pending	No admin user available	2025-12-08 18:46:11.193435+00	2025-12-08 18:46:11.193457+00	\N
22	*HQ,9176515396,V1,184609,V,2717.2534,N,05620.3335,E,0.00,335,081225,fbfffbff,432,35,12522,29884#	5.119.17.246	pending	No admin user available	2025-12-08 18:46:11.78006+00	2025-12-08 18:46:11.780128+00	\N
23	*HQ,9176515436,V1,184612,V,3441.5528,N,05052.1061,E,0.00,41,081225,fbfffbff,432,35,12672,24979#	5.117.88.47	pending	No admin user available	2025-12-08 18:46:13.213419+00	2025-12-08 18:46:13.213459+00	\N
24	*HQ,9176515712,V1,184612,A,3632.5235,N,05300.2203,E,0.00,160,081225,fbfffbff,432,35,22532,33427#	2.145.217.106	pending	No admin user available	2025-12-08 18:46:13.283203+00	2025-12-08 18:46:13.283258+00	\N
25	*HQ,9176515725,V1,184622,A,2945.7598,N,05735.1164,E,3.00,267,081225,fbffffff,432,35,42854,38269#	5.124.208.101	pending	No admin user available	2025-12-08 18:46:23.810056+00	2025-12-08 18:46:23.810116+00	\N
26	*HQ,9176515697,V1,184627,A,3710.0116,N,04939.8341,E,0.00,0,081225,fbfffbff,432,35,12937,39108#	5.121.147.243	pending	No admin user available	2025-12-08 18:46:24.815922+00	2025-12-08 18:46:24.815943+00	\N
27	*HQ,9176515396,V1,184622,V,2717.2534,N,05620.3335,E,0.00,335,081225,fbfffbff,432,35,12522,29884#	5.119.17.246	pending	No admin user available	2025-12-08 18:46:25.401852+00	2025-12-08 18:46:25.401886+00	\N
28	*HQ,9176515712,V1,184625,A,3632.5235,N,05300.2203,E,0.00,160,081225,fbfffbff,432,35,22532,33427#	2.145.217.106	pending	No admin user available	2025-12-08 18:46:26.903964+00	2025-12-08 18:46:26.903983+00	\N
29	*HQ,9176515436,V1,184629,V,3441.5528,N,05052.1061,E,0.00,41,081225,fbfffbff,432,35,12672,24979#	5.117.88.47	pending	No admin user available	2025-12-08 18:46:30.921243+00	2025-12-08 18:46:30.921278+00	\N
30	*HQ,9176515725,V1,184636,A,2945.7713,N,05735.0986,E,8.07,348,081225,fbffffff,432,35,42854,38269#	5.124.208.101	pending	No admin user available	2025-12-08 18:46:37.97591+00	2025-12-08 18:46:37.975949+00	\N
31	*HQ,9176515396,V1,184636,V,2717.2534,N,05620.3335,E,0.00,335,081225,fbfffbff,432,35,12522,29884#	5.119.17.246	pending	No admin user available	2025-12-08 18:46:39.214228+00	2025-12-08 18:46:39.214248+00	\N
32	*HQ,9176515697,V1,184642,A,3710.0117,N,04939.8344,E,0.00,0,081225,fbfffbff,432,35,12937,39108#	5.121.147.243	pending	No admin user available	2025-12-08 18:46:39.463602+00	2025-12-08 18:46:39.463619+00	\N
33	*HQ,9176515712,V1,184640,A,3632.5235,N,05300.2203,E,0.00,160,081225,fbfffbff,432,35,22532,33427#	2.145.217.106	pending	No admin user available	2025-12-08 18:46:41.10516+00	2025-12-08 18:46:41.105186+00	\N
34	*HQ,9176515436,V1,184645,V,3441.5528,N,05052.1061,E,0.00,41,081225,fbfffbff,432,35,12672,24979#	5.117.88.47	pending	No admin user available	2025-12-08 18:46:46.589684+00	2025-12-08 18:46:46.58971+00	\N
35	*HQ,9176515725,V1,184650,A,2945.8131,N,05735.0935,E,9.08,355,081225,fbffffff,432,35,42854,38269#	5.124.208.101	pending	No admin user available	2025-12-08 18:46:52.206909+00	2025-12-08 18:46:52.206949+00	\N
36	*HQ,9176515396,V1,184650,V,2717.2534,N,05620.3335,E,0.00,335,081225,fbfffbff,432,35,12522,29884#	5.119.17.246	pending	No admin user available	2025-12-08 18:46:54.216138+00	2025-12-08 18:46:54.216198+00	\N
37	*HQ,9176515697,V1,184657,A,3710.0119,N,04939.8346,E,0.00,0,081225,fbfffbff,432,35,12937,39108#	5.121.147.243	pending	No admin user available	2025-12-08 18:46:54.987536+00	2025-12-08 18:46:54.987556+00	\N
38	*HQ,9176515712,V1,184656,A,3632.5235,N,05300.2204,E,0.00,160,081225,fbfffbff,432,35,22532,33427#	2.145.217.106	pending	No admin user available	2025-12-08 18:46:57.478052+00	2025-12-08 18:46:57.478075+00	\N
39	*HQ,9176515436,V1,184701,V,3441.5528,N,05052.1061,E,0.00,41,081225,fbfffbff,432,35,12672,24979#	5.117.88.47	pending	No admin user available	2025-12-08 18:47:02.892682+00	2025-12-08 18:47:02.892711+00	\N
40	*HQ,9176515725,V1,184707,A,2945.8869,N,05735.0692,E,20.07,335,081225,fbffffff,432,35,42854,38269#	5.124.208.101	pending	No admin user available	2025-12-08 18:47:09.251582+00	2025-12-08 18:47:09.251625+00	\N
41	*HQ,9176515697,V1,184713,A,3710.0122,N,04939.8348,E,0.00,0,081225,fbfffbff,432,35,12937,39108#	5.121.147.243	pending	No admin user available	2025-12-08 18:47:11.086441+00	2025-12-08 18:47:11.086463+00	\N
42	*HQ,9176515712,V1,184710,A,3632.5235,N,05300.2205,E,0.00,160,081225,fbfffbff,432,35,22532,33427#	2.145.217.106	pending	No admin user available	2025-12-08 18:47:11.190628+00	2025-12-08 18:47:11.190648+00	\N
43	*HQ,9176515396,V1,184708,V,2717.2534,N,05620.3335,E,0.00,335,081225,fbfffbff,432,35,12522,29884#	5.119.17.246	pending	No admin user available	2025-12-08 18:47:11.423378+00	2025-12-08 18:47:11.423409+00	\N
\.


--
-- Data for Name: gps_devices_state; Type: TABLE DATA; Schema: public; Owner: gpsstore_user
--

COPY public.gps_devices_state (id, name, description, created_at, updated_at) FROM stdin;
1	park	\N	2025-12-08 18:44:55.326367+00	2025-12-08 18:44:55.326396+00
2	moving	\N	2025-12-08 18:44:55.328528+00	2025-12-08 18:44:55.328555+00
3	idle	\N	2025-12-08 18:44:55.329476+00	2025-12-08 18:44:55.329495+00
4	acc off	\N	2025-12-08 18:44:55.330324+00	2025-12-08 18:44:55.330344+00
5	sos	\N	2025-12-08 18:44:55.330922+00	2025-12-08 18:44:55.330934+00
6	vibration	\N	2025-12-08 18:44:55.331745+00	2025-12-08 18:44:55.331758+00
7	geofence in/out	\N	2025-12-08 18:44:55.332482+00	2025-12-08 18:44:55.332495+00
8	power cut	\N	2025-12-08 18:44:55.333123+00	2025-12-08 18:44:55.333135+00
9	low battery	\N	2025-12-08 18:44:55.333952+00	2025-12-08 18:44:55.333964+00
10	gps lost	\N	2025-12-08 18:44:55.334545+00	2025-12-08 18:44:55.334561+00
11	gps recovered	\N	2025-12-08 18:44:55.335175+00	2025-12-08 18:44:55.335187+00
12	tamper (device power cut)	\N	2025-12-08 18:44:55.335785+00	2025-12-08 18:44:55.3358+00
13	small movement (noise)	\N	2025-12-08 18:44:55.336398+00	2025-12-08 18:44:55.336409+00
14	Moving	\N	2025-12-08 18:47:23.886506+00	2025-12-08 18:47:23.886539+00
15	Stopped	\N	2025-12-08 18:47:24.714969+00	2025-12-08 18:47:24.714991+00
\.


--
-- Data for Name: malicious_patterns; Type: TABLE DATA; Schema: public; Owner: gpsstore_user
--

COPY public.malicious_patterns (id, pattern, pattern_type, description, is_active, created_at, hit_count, last_hit, ip_address) FROM stdin;
\.


--
-- Data for Name: products_category; Type: TABLE DATA; Schema: public; Owner: gpsstore_user
--

COPY public.products_category (id, name, slug, image, description, is_active) FROM stdin;
\.


--
-- Data for Name: products_product; Type: TABLE DATA; Schema: public; Owner: gpsstore_user
--

COPY public.products_product (id, name, slug, price, discount_price, description, image, is_featured, is_active, stock, created_at, updated_at, category_id) FROM stdin;
\.


--
-- Name: accounts_user_groups_id_seq; Type: SEQUENCE SET; Schema: public; Owner: gpsstore_user
--

SELECT pg_catalog.setval('public.accounts_user_groups_id_seq', 1, false);


--
-- Name: accounts_user_id_seq; Type: SEQUENCE SET; Schema: public; Owner: gpsstore_user
--

SELECT pg_catalog.setval('public.accounts_user_id_seq', 1, true);


--
-- Name: accounts_user_user_permissions_id_seq; Type: SEQUENCE SET; Schema: public; Owner: gpsstore_user
--

SELECT pg_catalog.setval('public.accounts_user_user_permissions_id_seq', 1, false);


--
-- Name: accounts_userdevice_id_seq; Type: SEQUENCE SET; Schema: public; Owner: gpsstore_user
--

SELECT pg_catalog.setval('public.accounts_userdevice_id_seq', 1, false);


--
-- Name: api_apikey_id_seq; Type: SEQUENCE SET; Schema: public; Owner: gpsstore_user
--

SELECT pg_catalog.setval('public.api_apikey_id_seq', 1, false);


--
-- Name: auth_group_id_seq; Type: SEQUENCE SET; Schema: public; Owner: gpsstore_user
--

SELECT pg_catalog.setval('public.auth_group_id_seq', 1, false);


--
-- Name: auth_group_permissions_id_seq; Type: SEQUENCE SET; Schema: public; Owner: gpsstore_user
--

SELECT pg_catalog.setval('public.auth_group_permissions_id_seq', 1, false);


--
-- Name: auth_permission_id_seq; Type: SEQUENCE SET; Schema: public; Owner: gpsstore_user
--

SELECT pg_catalog.setval('public.auth_permission_id_seq', 68, true);


--
-- Name: django_admin_log_id_seq; Type: SEQUENCE SET; Schema: public; Owner: gpsstore_user
--

SELECT pg_catalog.setval('public.django_admin_log_id_seq', 1, false);


--
-- Name: django_content_type_id_seq; Type: SEQUENCE SET; Schema: public; Owner: gpsstore_user
--

SELECT pg_catalog.setval('public.django_content_type_id_seq', 17, true);


--
-- Name: django_migrations_id_seq; Type: SEQUENCE SET; Schema: public; Owner: gpsstore_user
--

SELECT pg_catalog.setval('public.django_migrations_id_seq', 33, true);


--
-- Name: gps_devices_device_id_seq; Type: SEQUENCE SET; Schema: public; Owner: gpsstore_user
--

SELECT pg_catalog.setval('public.gps_devices_device_id_seq', 5, true);


--
-- Name: gps_devices_devicestate_id_seq; Type: SEQUENCE SET; Schema: public; Owner: gpsstore_user
--

SELECT pg_catalog.setval('public.gps_devices_devicestate_id_seq', 4, true);


--
-- Name: gps_devices_locationdata_id_seq; Type: SEQUENCE SET; Schema: public; Owner: gpsstore_user
--

SELECT pg_catalog.setval('public.gps_devices_locationdata_id_seq', 152, true);


--
-- Name: gps_devices_model_id_seq; Type: SEQUENCE SET; Schema: public; Owner: gpsstore_user
--

SELECT pg_catalog.setval('public.gps_devices_model_id_seq', 1, true);


--
-- Name: gps_devices_rawgpsdata_id_seq; Type: SEQUENCE SET; Schema: public; Owner: gpsstore_user
--

SELECT pg_catalog.setval('public.gps_devices_rawgpsdata_id_seq', 43, true);


--
-- Name: gps_devices_state_id_seq; Type: SEQUENCE SET; Schema: public; Owner: gpsstore_user
--

SELECT pg_catalog.setval('public.gps_devices_state_id_seq', 15, true);


--
-- Name: malicious_patterns_id_seq; Type: SEQUENCE SET; Schema: public; Owner: gpsstore_user
--

SELECT pg_catalog.setval('public.malicious_patterns_id_seq', 1, false);


--
-- Name: products_category_id_seq; Type: SEQUENCE SET; Schema: public; Owner: gpsstore_user
--

SELECT pg_catalog.setval('public.products_category_id_seq', 1, false);


--
-- Name: products_product_id_seq; Type: SEQUENCE SET; Schema: public; Owner: gpsstore_user
--

SELECT pg_catalog.setval('public.products_product_id_seq', 1, false);


--
-- Name: accounts_user_groups accounts_user_groups_pkey; Type: CONSTRAINT; Schema: public; Owner: gpsstore_user
--

ALTER TABLE ONLY public.accounts_user_groups
    ADD CONSTRAINT accounts_user_groups_pkey PRIMARY KEY (id);


--
-- Name: accounts_user_groups accounts_user_groups_user_id_group_id_59c0b32f_uniq; Type: CONSTRAINT; Schema: public; Owner: gpsstore_user
--

ALTER TABLE ONLY public.accounts_user_groups
    ADD CONSTRAINT accounts_user_groups_user_id_group_id_59c0b32f_uniq UNIQUE (user_id, group_id);


--
-- Name: accounts_user accounts_user_pkey; Type: CONSTRAINT; Schema: public; Owner: gpsstore_user
--

ALTER TABLE ONLY public.accounts_user
    ADD CONSTRAINT accounts_user_pkey PRIMARY KEY (id);


--
-- Name: accounts_user_user_permissions accounts_user_user_permi_user_id_permission_id_2ab516c2_uniq; Type: CONSTRAINT; Schema: public; Owner: gpsstore_user
--

ALTER TABLE ONLY public.accounts_user_user_permissions
    ADD CONSTRAINT accounts_user_user_permi_user_id_permission_id_2ab516c2_uniq UNIQUE (user_id, permission_id);


--
-- Name: accounts_user_user_permissions accounts_user_user_permissions_pkey; Type: CONSTRAINT; Schema: public; Owner: gpsstore_user
--

ALTER TABLE ONLY public.accounts_user_user_permissions
    ADD CONSTRAINT accounts_user_user_permissions_pkey PRIMARY KEY (id);


--
-- Name: accounts_user accounts_user_username_key; Type: CONSTRAINT; Schema: public; Owner: gpsstore_user
--

ALTER TABLE ONLY public.accounts_user
    ADD CONSTRAINT accounts_user_username_key UNIQUE (username);


--
-- Name: accounts_userdevice accounts_userdevice_pkey; Type: CONSTRAINT; Schema: public; Owner: gpsstore_user
--

ALTER TABLE ONLY public.accounts_userdevice
    ADD CONSTRAINT accounts_userdevice_pkey PRIMARY KEY (id);


--
-- Name: accounts_userdevice accounts_userdevice_user_id_device_id_04a5d09f_uniq; Type: CONSTRAINT; Schema: public; Owner: gpsstore_user
--

ALTER TABLE ONLY public.accounts_userdevice
    ADD CONSTRAINT accounts_userdevice_user_id_device_id_04a5d09f_uniq UNIQUE (user_id, device_id);


--
-- Name: api_apikey api_apikey_api_key_key; Type: CONSTRAINT; Schema: public; Owner: gpsstore_user
--

ALTER TABLE ONLY public.api_apikey
    ADD CONSTRAINT api_apikey_api_key_key UNIQUE (api_key);


--
-- Name: api_apikey api_apikey_pkey; Type: CONSTRAINT; Schema: public; Owner: gpsstore_user
--

ALTER TABLE ONLY public.api_apikey
    ADD CONSTRAINT api_apikey_pkey PRIMARY KEY (id);


--
-- Name: auth_group auth_group_name_key; Type: CONSTRAINT; Schema: public; Owner: gpsstore_user
--

ALTER TABLE ONLY public.auth_group
    ADD CONSTRAINT auth_group_name_key UNIQUE (name);


--
-- Name: auth_group_permissions auth_group_permissions_group_id_permission_id_0cd325b0_uniq; Type: CONSTRAINT; Schema: public; Owner: gpsstore_user
--

ALTER TABLE ONLY public.auth_group_permissions
    ADD CONSTRAINT auth_group_permissions_group_id_permission_id_0cd325b0_uniq UNIQUE (group_id, permission_id);


--
-- Name: auth_group_permissions auth_group_permissions_pkey; Type: CONSTRAINT; Schema: public; Owner: gpsstore_user
--

ALTER TABLE ONLY public.auth_group_permissions
    ADD CONSTRAINT auth_group_permissions_pkey PRIMARY KEY (id);


--
-- Name: auth_group auth_group_pkey; Type: CONSTRAINT; Schema: public; Owner: gpsstore_user
--

ALTER TABLE ONLY public.auth_group
    ADD CONSTRAINT auth_group_pkey PRIMARY KEY (id);


--
-- Name: auth_permission auth_permission_content_type_id_codename_01ab375a_uniq; Type: CONSTRAINT; Schema: public; Owner: gpsstore_user
--

ALTER TABLE ONLY public.auth_permission
    ADD CONSTRAINT auth_permission_content_type_id_codename_01ab375a_uniq UNIQUE (content_type_id, codename);


--
-- Name: auth_permission auth_permission_pkey; Type: CONSTRAINT; Schema: public; Owner: gpsstore_user
--

ALTER TABLE ONLY public.auth_permission
    ADD CONSTRAINT auth_permission_pkey PRIMARY KEY (id);


--
-- Name: django_admin_log django_admin_log_pkey; Type: CONSTRAINT; Schema: public; Owner: gpsstore_user
--

ALTER TABLE ONLY public.django_admin_log
    ADD CONSTRAINT django_admin_log_pkey PRIMARY KEY (id);


--
-- Name: django_content_type django_content_type_app_label_model_76bd3d3b_uniq; Type: CONSTRAINT; Schema: public; Owner: gpsstore_user
--

ALTER TABLE ONLY public.django_content_type
    ADD CONSTRAINT django_content_type_app_label_model_76bd3d3b_uniq UNIQUE (app_label, model);


--
-- Name: django_content_type django_content_type_pkey; Type: CONSTRAINT; Schema: public; Owner: gpsstore_user
--

ALTER TABLE ONLY public.django_content_type
    ADD CONSTRAINT django_content_type_pkey PRIMARY KEY (id);


--
-- Name: django_migrations django_migrations_pkey; Type: CONSTRAINT; Schema: public; Owner: gpsstore_user
--

ALTER TABLE ONLY public.django_migrations
    ADD CONSTRAINT django_migrations_pkey PRIMARY KEY (id);


--
-- Name: django_session django_session_pkey; Type: CONSTRAINT; Schema: public; Owner: gpsstore_user
--

ALTER TABLE ONLY public.django_session
    ADD CONSTRAINT django_session_pkey PRIMARY KEY (session_key);


--
-- Name: gps_devices_device gps_devices_device_imei_key; Type: CONSTRAINT; Schema: public; Owner: gpsstore_user
--

ALTER TABLE ONLY public.gps_devices_device
    ADD CONSTRAINT gps_devices_device_imei_key UNIQUE (imei);


--
-- Name: gps_devices_device gps_devices_device_pkey; Type: CONSTRAINT; Schema: public; Owner: gpsstore_user
--

ALTER TABLE ONLY public.gps_devices_device
    ADD CONSTRAINT gps_devices_device_pkey PRIMARY KEY (id);


--
-- Name: gps_devices_devicestate gps_devices_devicestate_pkey; Type: CONSTRAINT; Schema: public; Owner: gpsstore_user
--

ALTER TABLE ONLY public.gps_devices_devicestate
    ADD CONSTRAINT gps_devices_devicestate_pkey PRIMARY KEY (id);


--
-- Name: gps_devices_locationdata gps_devices_locationdata_pkey; Type: CONSTRAINT; Schema: public; Owner: gpsstore_user
--

ALTER TABLE ONLY public.gps_devices_locationdata
    ADD CONSTRAINT gps_devices_locationdata_pkey PRIMARY KEY (id);


--
-- Name: gps_devices_model gps_devices_model_pkey; Type: CONSTRAINT; Schema: public; Owner: gpsstore_user
--

ALTER TABLE ONLY public.gps_devices_model
    ADD CONSTRAINT gps_devices_model_pkey PRIMARY KEY (id);


--
-- Name: gps_devices_rawgpsdata gps_devices_rawgpsdata_pkey; Type: CONSTRAINT; Schema: public; Owner: gpsstore_user
--

ALTER TABLE ONLY public.gps_devices_rawgpsdata
    ADD CONSTRAINT gps_devices_rawgpsdata_pkey PRIMARY KEY (id);


--
-- Name: gps_devices_state gps_devices_state_name_key; Type: CONSTRAINT; Schema: public; Owner: gpsstore_user
--

ALTER TABLE ONLY public.gps_devices_state
    ADD CONSTRAINT gps_devices_state_name_key UNIQUE (name);


--
-- Name: gps_devices_state gps_devices_state_pkey; Type: CONSTRAINT; Schema: public; Owner: gpsstore_user
--

ALTER TABLE ONLY public.gps_devices_state
    ADD CONSTRAINT gps_devices_state_pkey PRIMARY KEY (id);


--
-- Name: malicious_patterns malicious_patterns_pattern_ip_address_00897325_uniq; Type: CONSTRAINT; Schema: public; Owner: gpsstore_user
--

ALTER TABLE ONLY public.malicious_patterns
    ADD CONSTRAINT malicious_patterns_pattern_ip_address_00897325_uniq UNIQUE (pattern, ip_address);


--
-- Name: malicious_patterns malicious_patterns_pattern_key; Type: CONSTRAINT; Schema: public; Owner: gpsstore_user
--

ALTER TABLE ONLY public.malicious_patterns
    ADD CONSTRAINT malicious_patterns_pattern_key UNIQUE (pattern);


--
-- Name: malicious_patterns malicious_patterns_pkey; Type: CONSTRAINT; Schema: public; Owner: gpsstore_user
--

ALTER TABLE ONLY public.malicious_patterns
    ADD CONSTRAINT malicious_patterns_pkey PRIMARY KEY (id);


--
-- Name: products_category products_category_pkey; Type: CONSTRAINT; Schema: public; Owner: gpsstore_user
--

ALTER TABLE ONLY public.products_category
    ADD CONSTRAINT products_category_pkey PRIMARY KEY (id);


--
-- Name: products_category products_category_slug_key; Type: CONSTRAINT; Schema: public; Owner: gpsstore_user
--

ALTER TABLE ONLY public.products_category
    ADD CONSTRAINT products_category_slug_key UNIQUE (slug);


--
-- Name: products_product products_product_pkey; Type: CONSTRAINT; Schema: public; Owner: gpsstore_user
--

ALTER TABLE ONLY public.products_product
    ADD CONSTRAINT products_product_pkey PRIMARY KEY (id);


--
-- Name: products_product products_product_slug_key; Type: CONSTRAINT; Schema: public; Owner: gpsstore_user
--

ALTER TABLE ONLY public.products_product
    ADD CONSTRAINT products_product_slug_key UNIQUE (slug);


--
-- Name: accounts_user_groups_group_id_bd11a704; Type: INDEX; Schema: public; Owner: gpsstore_user
--

CREATE INDEX accounts_user_groups_group_id_bd11a704 ON public.accounts_user_groups USING btree (group_id);


--
-- Name: accounts_user_groups_user_id_52b62117; Type: INDEX; Schema: public; Owner: gpsstore_user
--

CREATE INDEX accounts_user_groups_user_id_52b62117 ON public.accounts_user_groups USING btree (user_id);


--
-- Name: accounts_user_is_subuser_of_id_59ce12e4; Type: INDEX; Schema: public; Owner: gpsstore_user
--

CREATE INDEX accounts_user_is_subuser_of_id_59ce12e4 ON public.accounts_user USING btree (is_subuser_of_id);


--
-- Name: accounts_user_user_permissions_permission_id_113bb443; Type: INDEX; Schema: public; Owner: gpsstore_user
--

CREATE INDEX accounts_user_user_permissions_permission_id_113bb443 ON public.accounts_user_user_permissions USING btree (permission_id);


--
-- Name: accounts_user_user_permissions_user_id_e4f0a161; Type: INDEX; Schema: public; Owner: gpsstore_user
--

CREATE INDEX accounts_user_user_permissions_user_id_e4f0a161 ON public.accounts_user_user_permissions USING btree (user_id);


--
-- Name: accounts_user_username_6088629e_like; Type: INDEX; Schema: public; Owner: gpsstore_user
--

CREATE INDEX accounts_user_username_6088629e_like ON public.accounts_user USING btree (username varchar_pattern_ops);


--
-- Name: accounts_userdevice_assigned_by_id_d785adff; Type: INDEX; Schema: public; Owner: gpsstore_user
--

CREATE INDEX accounts_userdevice_assigned_by_id_d785adff ON public.accounts_userdevice USING btree (assigned_by_id);


--
-- Name: accounts_userdevice_device_id_562687e3; Type: INDEX; Schema: public; Owner: gpsstore_user
--

CREATE INDEX accounts_userdevice_device_id_562687e3 ON public.accounts_userdevice USING btree (device_id);


--
-- Name: accounts_userdevice_user_id_2e91dbfd; Type: INDEX; Schema: public; Owner: gpsstore_user
--

CREATE INDEX accounts_userdevice_user_id_2e91dbfd ON public.accounts_userdevice USING btree (user_id);


--
-- Name: api_apikey_api_key_fb9b2ce4_like; Type: INDEX; Schema: public; Owner: gpsstore_user
--

CREATE INDEX api_apikey_api_key_fb9b2ce4_like ON public.api_apikey USING btree (api_key varchar_pattern_ops);


--
-- Name: auth_group_name_a6ea08ec_like; Type: INDEX; Schema: public; Owner: gpsstore_user
--

CREATE INDEX auth_group_name_a6ea08ec_like ON public.auth_group USING btree (name varchar_pattern_ops);


--
-- Name: auth_group_permissions_group_id_b120cbf9; Type: INDEX; Schema: public; Owner: gpsstore_user
--

CREATE INDEX auth_group_permissions_group_id_b120cbf9 ON public.auth_group_permissions USING btree (group_id);


--
-- Name: auth_group_permissions_permission_id_84c5c92e; Type: INDEX; Schema: public; Owner: gpsstore_user
--

CREATE INDEX auth_group_permissions_permission_id_84c5c92e ON public.auth_group_permissions USING btree (permission_id);


--
-- Name: auth_permission_content_type_id_2f476e4b; Type: INDEX; Schema: public; Owner: gpsstore_user
--

CREATE INDEX auth_permission_content_type_id_2f476e4b ON public.auth_permission USING btree (content_type_id);


--
-- Name: django_admin_log_content_type_id_c4bce8eb; Type: INDEX; Schema: public; Owner: gpsstore_user
--

CREATE INDEX django_admin_log_content_type_id_c4bce8eb ON public.django_admin_log USING btree (content_type_id);


--
-- Name: django_admin_log_user_id_c564eba6; Type: INDEX; Schema: public; Owner: gpsstore_user
--

CREATE INDEX django_admin_log_user_id_c564eba6 ON public.django_admin_log USING btree (user_id);


--
-- Name: django_session_expire_date_a5c62663; Type: INDEX; Schema: public; Owner: gpsstore_user
--

CREATE INDEX django_session_expire_date_a5c62663 ON public.django_session USING btree (expire_date);


--
-- Name: django_session_session_key_c0390e0f_like; Type: INDEX; Schema: public; Owner: gpsstore_user
--

CREATE INDEX django_session_session_key_c0390e0f_like ON public.django_session USING btree (session_key varchar_pattern_ops);


--
-- Name: gps_devices_device_imei_d090cbde_like; Type: INDEX; Schema: public; Owner: gpsstore_user
--

CREATE INDEX gps_devices_device_imei_d090cbde_like ON public.gps_devices_device USING btree (imei varchar_pattern_ops);


--
-- Name: gps_devices_device_model_id_6cca5017; Type: INDEX; Schema: public; Owner: gpsstore_user
--

CREATE INDEX gps_devices_device_model_id_6cca5017 ON public.gps_devices_device USING btree (model_id);


--
-- Name: gps_devices_device_owner_id_0663c42a; Type: INDEX; Schema: public; Owner: gpsstore_user
--

CREATE INDEX gps_devices_device_owner_id_0663c42a ON public.gps_devices_device USING btree (owner_id);


--
-- Name: gps_devices_devicestate_device_id_25b564f9; Type: INDEX; Schema: public; Owner: gpsstore_user
--

CREATE INDEX gps_devices_devicestate_device_id_25b564f9 ON public.gps_devices_devicestate USING btree (device_id);


--
-- Name: gps_devices_devicestate_location_data_id_cecf7f1d; Type: INDEX; Schema: public; Owner: gpsstore_user
--

CREATE INDEX gps_devices_devicestate_location_data_id_cecf7f1d ON public.gps_devices_devicestate USING btree (location_data_id);


--
-- Name: gps_devices_devicestate_state_id_db30e9a0; Type: INDEX; Schema: public; Owner: gpsstore_user
--

CREATE INDEX gps_devices_devicestate_state_id_db30e9a0 ON public.gps_devices_devicestate USING btree (state_id);


--
-- Name: gps_devices_locationdata_device_id_8c9e935d; Type: INDEX; Schema: public; Owner: gpsstore_user
--

CREATE INDEX gps_devices_locationdata_device_id_8c9e935d ON public.gps_devices_locationdata USING btree (device_id);


--
-- Name: gps_devices_rawgpsdata_device_id_fa8ee77a; Type: INDEX; Schema: public; Owner: gpsstore_user
--

CREATE INDEX gps_devices_rawgpsdata_device_id_fa8ee77a ON public.gps_devices_rawgpsdata USING btree (device_id);


--
-- Name: gps_devices_state_name_64be87ab_like; Type: INDEX; Schema: public; Owner: gpsstore_user
--

CREATE INDEX gps_devices_state_name_64be87ab_like ON public.gps_devices_state USING btree (name varchar_pattern_ops);


--
-- Name: malicious_patterns_pattern_c6bb7481_like; Type: INDEX; Schema: public; Owner: gpsstore_user
--

CREATE INDEX malicious_patterns_pattern_c6bb7481_like ON public.malicious_patterns USING btree (pattern text_pattern_ops);


--
-- Name: products_category_slug_c558efae_like; Type: INDEX; Schema: public; Owner: gpsstore_user
--

CREATE INDEX products_category_slug_c558efae_like ON public.products_category USING btree (slug varchar_pattern_ops);


--
-- Name: products_product_category_id_9b594869; Type: INDEX; Schema: public; Owner: gpsstore_user
--

CREATE INDEX products_product_category_id_9b594869 ON public.products_product USING btree (category_id);


--
-- Name: products_product_slug_70d3148d_like; Type: INDEX; Schema: public; Owner: gpsstore_user
--

CREATE INDEX products_product_slug_70d3148d_like ON public.products_product USING btree (slug varchar_pattern_ops);


--
-- Name: accounts_user_groups accounts_user_groups_group_id_bd11a704_fk_auth_group_id; Type: FK CONSTRAINT; Schema: public; Owner: gpsstore_user
--

ALTER TABLE ONLY public.accounts_user_groups
    ADD CONSTRAINT accounts_user_groups_group_id_bd11a704_fk_auth_group_id FOREIGN KEY (group_id) REFERENCES public.auth_group(id) DEFERRABLE INITIALLY DEFERRED;


--
-- Name: accounts_user_groups accounts_user_groups_user_id_52b62117_fk_accounts_user_id; Type: FK CONSTRAINT; Schema: public; Owner: gpsstore_user
--

ALTER TABLE ONLY public.accounts_user_groups
    ADD CONSTRAINT accounts_user_groups_user_id_52b62117_fk_accounts_user_id FOREIGN KEY (user_id) REFERENCES public.accounts_user(id) DEFERRABLE INITIALLY DEFERRED;


--
-- Name: accounts_user accounts_user_is_subuser_of_id_59ce12e4_fk_accounts_user_id; Type: FK CONSTRAINT; Schema: public; Owner: gpsstore_user
--

ALTER TABLE ONLY public.accounts_user
    ADD CONSTRAINT accounts_user_is_subuser_of_id_59ce12e4_fk_accounts_user_id FOREIGN KEY (is_subuser_of_id) REFERENCES public.accounts_user(id) DEFERRABLE INITIALLY DEFERRED;


--
-- Name: accounts_user_user_permissions accounts_user_user_p_permission_id_113bb443_fk_auth_perm; Type: FK CONSTRAINT; Schema: public; Owner: gpsstore_user
--

ALTER TABLE ONLY public.accounts_user_user_permissions
    ADD CONSTRAINT accounts_user_user_p_permission_id_113bb443_fk_auth_perm FOREIGN KEY (permission_id) REFERENCES public.auth_permission(id) DEFERRABLE INITIALLY DEFERRED;


--
-- Name: accounts_user_user_permissions accounts_user_user_p_user_id_e4f0a161_fk_accounts_; Type: FK CONSTRAINT; Schema: public; Owner: gpsstore_user
--

ALTER TABLE ONLY public.accounts_user_user_permissions
    ADD CONSTRAINT accounts_user_user_p_user_id_e4f0a161_fk_accounts_ FOREIGN KEY (user_id) REFERENCES public.accounts_user(id) DEFERRABLE INITIALLY DEFERRED;


--
-- Name: accounts_userdevice accounts_userdevice_assigned_by_id_d785adff_fk_accounts_user_id; Type: FK CONSTRAINT; Schema: public; Owner: gpsstore_user
--

ALTER TABLE ONLY public.accounts_userdevice
    ADD CONSTRAINT accounts_userdevice_assigned_by_id_d785adff_fk_accounts_user_id FOREIGN KEY (assigned_by_id) REFERENCES public.accounts_user(id) DEFERRABLE INITIALLY DEFERRED;


--
-- Name: accounts_userdevice accounts_userdevice_device_id_562687e3_fk_gps_devices_device_id; Type: FK CONSTRAINT; Schema: public; Owner: gpsstore_user
--

ALTER TABLE ONLY public.accounts_userdevice
    ADD CONSTRAINT accounts_userdevice_device_id_562687e3_fk_gps_devices_device_id FOREIGN KEY (device_id) REFERENCES public.gps_devices_device(id) DEFERRABLE INITIALLY DEFERRED;


--
-- Name: accounts_userdevice accounts_userdevice_user_id_2e91dbfd_fk_accounts_user_id; Type: FK CONSTRAINT; Schema: public; Owner: gpsstore_user
--

ALTER TABLE ONLY public.accounts_userdevice
    ADD CONSTRAINT accounts_userdevice_user_id_2e91dbfd_fk_accounts_user_id FOREIGN KEY (user_id) REFERENCES public.accounts_user(id) DEFERRABLE INITIALLY DEFERRED;


--
-- Name: auth_group_permissions auth_group_permissio_permission_id_84c5c92e_fk_auth_perm; Type: FK CONSTRAINT; Schema: public; Owner: gpsstore_user
--

ALTER TABLE ONLY public.auth_group_permissions
    ADD CONSTRAINT auth_group_permissio_permission_id_84c5c92e_fk_auth_perm FOREIGN KEY (permission_id) REFERENCES public.auth_permission(id) DEFERRABLE INITIALLY DEFERRED;


--
-- Name: auth_group_permissions auth_group_permissions_group_id_b120cbf9_fk_auth_group_id; Type: FK CONSTRAINT; Schema: public; Owner: gpsstore_user
--

ALTER TABLE ONLY public.auth_group_permissions
    ADD CONSTRAINT auth_group_permissions_group_id_b120cbf9_fk_auth_group_id FOREIGN KEY (group_id) REFERENCES public.auth_group(id) DEFERRABLE INITIALLY DEFERRED;


--
-- Name: auth_permission auth_permission_content_type_id_2f476e4b_fk_django_co; Type: FK CONSTRAINT; Schema: public; Owner: gpsstore_user
--

ALTER TABLE ONLY public.auth_permission
    ADD CONSTRAINT auth_permission_content_type_id_2f476e4b_fk_django_co FOREIGN KEY (content_type_id) REFERENCES public.django_content_type(id) DEFERRABLE INITIALLY DEFERRED;


--
-- Name: django_admin_log django_admin_log_content_type_id_c4bce8eb_fk_django_co; Type: FK CONSTRAINT; Schema: public; Owner: gpsstore_user
--

ALTER TABLE ONLY public.django_admin_log
    ADD CONSTRAINT django_admin_log_content_type_id_c4bce8eb_fk_django_co FOREIGN KEY (content_type_id) REFERENCES public.django_content_type(id) DEFERRABLE INITIALLY DEFERRED;


--
-- Name: django_admin_log django_admin_log_user_id_c564eba6_fk_accounts_user_id; Type: FK CONSTRAINT; Schema: public; Owner: gpsstore_user
--

ALTER TABLE ONLY public.django_admin_log
    ADD CONSTRAINT django_admin_log_user_id_c564eba6_fk_accounts_user_id FOREIGN KEY (user_id) REFERENCES public.accounts_user(id) DEFERRABLE INITIALLY DEFERRED;


--
-- Name: gps_devices_device gps_devices_device_model_id_6cca5017_fk_gps_devices_model_id; Type: FK CONSTRAINT; Schema: public; Owner: gpsstore_user
--

ALTER TABLE ONLY public.gps_devices_device
    ADD CONSTRAINT gps_devices_device_model_id_6cca5017_fk_gps_devices_model_id FOREIGN KEY (model_id) REFERENCES public.gps_devices_model(id) DEFERRABLE INITIALLY DEFERRED;


--
-- Name: gps_devices_device gps_devices_device_owner_id_0663c42a_fk_accounts_user_id; Type: FK CONSTRAINT; Schema: public; Owner: gpsstore_user
--

ALTER TABLE ONLY public.gps_devices_device
    ADD CONSTRAINT gps_devices_device_owner_id_0663c42a_fk_accounts_user_id FOREIGN KEY (owner_id) REFERENCES public.accounts_user(id) DEFERRABLE INITIALLY DEFERRED;


--
-- Name: gps_devices_devicestate gps_devices_devicest_device_id_25b564f9_fk_gps_devic; Type: FK CONSTRAINT; Schema: public; Owner: gpsstore_user
--

ALTER TABLE ONLY public.gps_devices_devicestate
    ADD CONSTRAINT gps_devices_devicest_device_id_25b564f9_fk_gps_devic FOREIGN KEY (device_id) REFERENCES public.gps_devices_device(id) DEFERRABLE INITIALLY DEFERRED;


--
-- Name: gps_devices_devicestate gps_devices_devicest_location_data_id_cecf7f1d_fk_gps_devic; Type: FK CONSTRAINT; Schema: public; Owner: gpsstore_user
--

ALTER TABLE ONLY public.gps_devices_devicestate
    ADD CONSTRAINT gps_devices_devicest_location_data_id_cecf7f1d_fk_gps_devic FOREIGN KEY (location_data_id) REFERENCES public.gps_devices_locationdata(id) DEFERRABLE INITIALLY DEFERRED;


--
-- Name: gps_devices_devicestate gps_devices_devicest_state_id_db30e9a0_fk_gps_devic; Type: FK CONSTRAINT; Schema: public; Owner: gpsstore_user
--

ALTER TABLE ONLY public.gps_devices_devicestate
    ADD CONSTRAINT gps_devices_devicest_state_id_db30e9a0_fk_gps_devic FOREIGN KEY (state_id) REFERENCES public.gps_devices_state(id) DEFERRABLE INITIALLY DEFERRED;


--
-- Name: gps_devices_locationdata gps_devices_location_device_id_8c9e935d_fk_gps_devic; Type: FK CONSTRAINT; Schema: public; Owner: gpsstore_user
--

ALTER TABLE ONLY public.gps_devices_locationdata
    ADD CONSTRAINT gps_devices_location_device_id_8c9e935d_fk_gps_devic FOREIGN KEY (device_id) REFERENCES public.gps_devices_device(id) DEFERRABLE INITIALLY DEFERRED;


--
-- Name: gps_devices_rawgpsdata gps_devices_rawgpsda_device_id_fa8ee77a_fk_gps_devic; Type: FK CONSTRAINT; Schema: public; Owner: gpsstore_user
--

ALTER TABLE ONLY public.gps_devices_rawgpsdata
    ADD CONSTRAINT gps_devices_rawgpsda_device_id_fa8ee77a_fk_gps_devic FOREIGN KEY (device_id) REFERENCES public.gps_devices_device(id) DEFERRABLE INITIALLY DEFERRED;


--
-- Name: products_product products_product_category_id_9b594869_fk_products_category_id; Type: FK CONSTRAINT; Schema: public; Owner: gpsstore_user
--

ALTER TABLE ONLY public.products_product
    ADD CONSTRAINT products_product_category_id_9b594869_fk_products_category_id FOREIGN KEY (category_id) REFERENCES public.products_category(id) DEFERRABLE INITIALLY DEFERRED;


--
-- PostgreSQL database dump complete
--

\unrestrict UMDfl79WJygbTIS6tnLvpmNSFXnD2h8iDd80Oq1WEWfe6ZcRe2jY1I8quLIY4qa

