--
-- PostgreSQL database dump
--

\restrict eJWi22CaRytYLyWcfPcccMCpThypoX9L1fNkaeIX3SAFIydTBQdqCp7kaFOKmAm

-- Dumped from database version 15.15 (Debian 15.15-1.pgdg13+1)
-- Dumped by pg_dump version 15.15 (Debian 15.15-1.pgdg13+1)

SET statement_timeout = 0;
SET lock_timeout = 0;
SET idle_in_transaction_session_timeout = 0;
SET client_encoding = 'UTF8';
SET standard_conforming_strings = on;
SELECT pg_catalog.set_config('search_path', '', false);
SET check_function_bodies = false;
SET xmloption = content;
SET client_min_messages = warning;
SET row_security = off;

SET default_tablespace = '';

SET default_table_access_method = heap;

--
-- Name: accounts_user; Type: TABLE; Schema: public; Owner: gpsstore_user
--

CREATE TABLE public.accounts_user (
    id bigint NOT NULL,
    password character varying(128) NOT NULL,
    last_login timestamp with time zone,
    is_superuser boolean NOT NULL,
    username character varying(150) NOT NULL,
    first_name character varying(150) NOT NULL,
    last_name character varying(150) NOT NULL,
    email character varying(254) NOT NULL,
    is_staff boolean NOT NULL,
    is_active boolean NOT NULL,
    date_joined timestamp with time zone NOT NULL,
    phone character varying(20),
    address text,
    subscription_start timestamp with time zone,
    subscription_end timestamp with time zone,
    is_premium boolean NOT NULL,
    is_subuser_of_id bigint
);


ALTER TABLE public.accounts_user OWNER TO gpsstore_user;

--
-- Name: accounts_user_groups; Type: TABLE; Schema: public; Owner: gpsstore_user
--

CREATE TABLE public.accounts_user_groups (
    id bigint NOT NULL,
    user_id bigint NOT NULL,
    group_id integer NOT NULL
);


ALTER TABLE public.accounts_user_groups OWNER TO gpsstore_user;

--
-- Name: accounts_user_groups_id_seq; Type: SEQUENCE; Schema: public; Owner: gpsstore_user
--

ALTER TABLE public.accounts_user_groups ALTER COLUMN id ADD GENERATED BY DEFAULT AS IDENTITY (
    SEQUENCE NAME public.accounts_user_groups_id_seq
    START WITH 1
    INCREMENT BY 1
    NO MINVALUE
    NO MAXVALUE
    CACHE 1
);


--
-- Name: accounts_user_id_seq; Type: SEQUENCE; Schema: public; Owner: gpsstore_user
--

ALTER TABLE public.accounts_user ALTER COLUMN id ADD GENERATED BY DEFAULT AS IDENTITY (
    SEQUENCE NAME public.accounts_user_id_seq
    START WITH 1
    INCREMENT BY 1
    NO MINVALUE
    NO MAXVALUE
    CACHE 1
);


--
-- Name: accounts_user_user_permissions; Type: TABLE; Schema: public; Owner: gpsstore_user
--

CREATE TABLE public.accounts_user_user_permissions (
    id bigint NOT NULL,
    user_id bigint NOT NULL,
    permission_id integer NOT NULL
);


ALTER TABLE public.accounts_user_user_permissions OWNER TO gpsstore_user;

--
-- Name: accounts_user_user_permissions_id_seq; Type: SEQUENCE; Schema: public; Owner: gpsstore_user
--

ALTER TABLE public.accounts_user_user_permissions ALTER COLUMN id ADD GENERATED BY DEFAULT AS IDENTITY (
    SEQUENCE NAME public.accounts_user_user_permissions_id_seq
    START WITH 1
    INCREMENT BY 1
    NO MINVALUE
    NO MAXVALUE
    CACHE 1
);


--
-- Name: accounts_userdevice; Type: TABLE; Schema: public; Owner: gpsstore_user
--

CREATE TABLE public.accounts_userdevice (
    id bigint NOT NULL,
    assigned_at timestamp with time zone NOT NULL,
    is_owner boolean NOT NULL,
    can_view boolean NOT NULL,
    can_control boolean NOT NULL,
    notes text,
    expires_at timestamp with time zone,
    is_active boolean NOT NULL,
    created_at timestamp with time zone NOT NULL,
    updated_at timestamp with time zone NOT NULL,
    assigned_by_id bigint,
    device_id bigint NOT NULL,
    user_id bigint NOT NULL
);


ALTER TABLE public.accounts_userdevice OWNER TO gpsstore_user;

--
-- Name: accounts_userdevice_id_seq; Type: SEQUENCE; Schema: public; Owner: gpsstore_user
--

ALTER TABLE public.accounts_userdevice ALTER COLUMN id ADD GENERATED BY DEFAULT AS IDENTITY (
    SEQUENCE NAME public.accounts_userdevice_id_seq
    START WITH 1
    INCREMENT BY 1
    NO MINVALUE
    NO MAXVALUE
    CACHE 1
);


--
-- Name: api_apikey; Type: TABLE; Schema: public; Owner: gpsstore_user
--

CREATE TABLE public.api_apikey (
    id bigint NOT NULL,
    api_key character varying(64) NOT NULL,
    description text,
    is_active boolean NOT NULL,
    last_used_at timestamp with time zone,
    usage_count integer NOT NULL,
    rate_limit_per_minute integer NOT NULL,
    allowed_ips jsonb NOT NULL,
    created_at timestamp with time zone NOT NULL,
    updated_at timestamp with time zone NOT NULL
);


ALTER TABLE public.api_apikey OWNER TO gpsstore_user;

--
-- Name: api_apikey_id_seq; Type: SEQUENCE; Schema: public; Owner: gpsstore_user
--

ALTER TABLE public.api_apikey ALTER COLUMN id ADD GENERATED BY DEFAULT AS IDENTITY (
    SEQUENCE NAME public.api_apikey_id_seq
    START WITH 1
    INCREMENT BY 1
    NO MINVALUE
    NO MAXVALUE
    CACHE 1
);


--
-- Name: auth_group; Type: TABLE; Schema: public; Owner: gpsstore_user
--

CREATE TABLE public.auth_group (
    id integer NOT NULL,
    name character varying(150) NOT NULL
);


ALTER TABLE public.auth_group OWNER TO gpsstore_user;

--
-- Name: auth_group_id_seq; Type: SEQUENCE; Schema: public; Owner: gpsstore_user
--

ALTER TABLE public.auth_group ALTER COLUMN id ADD GENERATED BY DEFAULT AS IDENTITY (
    SEQUENCE NAME public.auth_group_id_seq
    START WITH 1
    INCREMENT BY 1
    NO MINVALUE
    NO MAXVALUE
    CACHE 1
);


--
-- Name: auth_group_permissions; Type: TABLE; Schema: public; Owner: gpsstore_user
--

CREATE TABLE public.auth_group_permissions (
    id bigint NOT NULL,
    group_id integer NOT NULL,
    permission_id integer NOT NULL
);


ALTER TABLE public.auth_group_permissions OWNER TO gpsstore_user;

--
-- Name: auth_group_permissions_id_seq; Type: SEQUENCE; Schema: public; Owner: gpsstore_user
--

ALTER TABLE public.auth_group_permissions ALTER COLUMN id ADD GENERATED BY DEFAULT AS IDENTITY (
    SEQUENCE NAME public.auth_group_permissions_id_seq
    START WITH 1
    INCREMENT BY 1
    NO MINVALUE
    NO MAXVALUE
    CACHE 1
);


--
-- Name: auth_permission; Type: TABLE; Schema: public; Owner: gpsstore_user
--

CREATE TABLE public.auth_permission (
    id integer NOT NULL,
    name character varying(255) NOT NULL,
    content_type_id integer NOT NULL,
    codename character varying(100) NOT NULL
);


ALTER TABLE public.auth_permission OWNER TO gpsstore_user;

--
-- Name: auth_permission_id_seq; Type: SEQUENCE; Schema: public; Owner: gpsstore_user
--

ALTER TABLE public.auth_permission ALTER COLUMN id ADD GENERATED BY DEFAULT AS IDENTITY (
    SEQUENCE NAME public.auth_permission_id_seq
    START WITH 1
    INCREMENT BY 1
    NO MINVALUE
    NO MAXVALUE
    CACHE 1
);


--
-- Name: django_admin_log; Type: TABLE; Schema: public; Owner: gpsstore_user
--

CREATE TABLE public.django_admin_log (
    id integer NOT NULL,
    action_time timestamp with time zone NOT NULL,
    object_id text,
    object_repr character varying(200) NOT NULL,
    action_flag smallint NOT NULL,
    change_message text NOT NULL,
    content_type_id integer,
    user_id bigint NOT NULL,
    CONSTRAINT django_admin_log_action_flag_check CHECK ((action_flag >= 0))
);


ALTER TABLE public.django_admin_log OWNER TO gpsstore_user;

--
-- Name: django_admin_log_id_seq; Type: SEQUENCE; Schema: public; Owner: gpsstore_user
--

ALTER TABLE public.django_admin_log ALTER COLUMN id ADD GENERATED BY DEFAULT AS IDENTITY (
    SEQUENCE NAME public.django_admin_log_id_seq
    START WITH 1
    INCREMENT BY 1
    NO MINVALUE
    NO MAXVALUE
    CACHE 1
);


--
-- Name: django_content_type; Type: TABLE; Schema: public; Owner: gpsstore_user
--

CREATE TABLE public.django_content_type (
    id integer NOT NULL,
    app_label character varying(100) NOT NULL,
    model character varying(100) NOT NULL
);


ALTER TABLE public.django_content_type OWNER TO gpsstore_user;

--
-- Name: django_content_type_id_seq; Type: SEQUENCE; Schema: public; Owner: gpsstore_user
--

ALTER TABLE public.django_content_type ALTER COLUMN id ADD GENERATED BY DEFAULT AS IDENTITY (
    SEQUENCE NAME public.django_content_type_id_seq
    START WITH 1
    INCREMENT BY 1
    NO MINVALUE
    NO MAXVALUE
    CACHE 1
);


--
-- Name: django_migrations; Type: TABLE; Schema: public; Owner: gpsstore_user
--

CREATE TABLE public.django_migrations (
    id bigint NOT NULL,
    app character varying(255) NOT NULL,
    name character varying(255) NOT NULL,
    applied timestamp with time zone NOT NULL
);


ALTER TABLE public.django_migrations OWNER TO gpsstore_user;

--
-- Name: django_migrations_id_seq; Type: SEQUENCE; Schema: public; Owner: gpsstore_user
--

ALTER TABLE public.django_migrations ALTER COLUMN id ADD GENERATED BY DEFAULT AS IDENTITY (
    SEQUENCE NAME public.django_migrations_id_seq
    START WITH 1
    INCREMENT BY 1
    NO MINVALUE
    NO MAXVALUE
    CACHE 1
);


--
-- Name: django_session; Type: TABLE; Schema: public; Owner: gpsstore_user
--

CREATE TABLE public.django_session (
    session_key character varying(40) NOT NULL,
    session_data text NOT NULL,
    expire_date timestamp with time zone NOT NULL
);


ALTER TABLE public.django_session OWNER TO gpsstore_user;

--
-- Name: gps_devices_device; Type: TABLE; Schema: public; Owner: gpsstore_user
--

CREATE TABLE public.gps_devices_device (
    id bigint NOT NULL,
    imei character varying(20) NOT NULL,
    sim_no character varying(20),
    driver_name character varying(100),
    name character varying(100) NOT NULL,
    status character varying(20) NOT NULL,
    created_at timestamp with time zone NOT NULL,
    updated_at timestamp with time zone NOT NULL,
    owner_id bigint NOT NULL,
    model_id bigint NOT NULL
);


ALTER TABLE public.gps_devices_device OWNER TO gpsstore_user;

--
-- Name: gps_devices_device_id_seq; Type: SEQUENCE; Schema: public; Owner: gpsstore_user
--

ALTER TABLE public.gps_devices_device ALTER COLUMN id ADD GENERATED BY DEFAULT AS IDENTITY (
    SEQUENCE NAME public.gps_devices_device_id_seq
    START WITH 1
    INCREMENT BY 1
    NO MINVALUE
    NO MAXVALUE
    CACHE 1
);


--
-- Name: gps_devices_devicestate; Type: TABLE; Schema: public; Owner: gpsstore_user
--

CREATE TABLE public.gps_devices_devicestate (
    id bigint NOT NULL,
    "timestamp" timestamp with time zone NOT NULL,
    created_at timestamp with time zone NOT NULL,
    updated_at timestamp with time zone NOT NULL,
    device_id bigint NOT NULL,
    state_id bigint NOT NULL,
    location_data_id bigint
);


ALTER TABLE public.gps_devices_devicestate OWNER TO gpsstore_user;

--
-- Name: gps_devices_devicestate_id_seq; Type: SEQUENCE; Schema: public; Owner: gpsstore_user
--

ALTER TABLE public.gps_devices_devicestate ALTER COLUMN id ADD GENERATED BY DEFAULT AS IDENTITY (
    SEQUENCE NAME public.gps_devices_devicestate_id_seq
    START WITH 1
    INCREMENT BY 1
    NO MINVALUE
    NO MAXVALUE
    CACHE 1
);


--
-- Name: gps_devices_locationdata; Type: TABLE; Schema: public; Owner: gpsstore_user
--

CREATE TABLE public.gps_devices_locationdata (
    id bigint NOT NULL,
    latitude numeric(10,7) NOT NULL,
    longitude numeric(10,7) NOT NULL,
    speed double precision NOT NULL,
    heading double precision NOT NULL,
    altitude double precision NOT NULL,
    accuracy double precision NOT NULL,
    satellites integer NOT NULL,
    battery_level integer,
    signal_strength integer NOT NULL,
    gsm_operator character varying(50),
    raw_data text,
    address text,
    is_valid boolean NOT NULL,
    created_at timestamp with time zone NOT NULL,
    updated_at timestamp with time zone NOT NULL,
    device_id bigint NOT NULL,
    is_map_matched boolean NOT NULL,
    matched_geometry text,
    original_latitude numeric(10,7),
    original_longitude numeric(10,7)
);


ALTER TABLE public.gps_devices_locationdata OWNER TO gpsstore_user;

--
-- Name: gps_devices_locationdata_id_seq; Type: SEQUENCE; Schema: public; Owner: gpsstore_user
--

ALTER TABLE public.gps_devices_locationdata ALTER COLUMN id ADD GENERATED BY DEFAULT AS IDENTITY (
    SEQUENCE NAME public.gps_devices_locationdata_id_seq
    START WITH 1
    INCREMENT BY 1
    NO MINVALUE
    NO MAXVALUE
    CACHE 1
);


--
-- Name: gps_devices_model; Type: TABLE; Schema: public; Owner: gpsstore_user
--

CREATE TABLE public.gps_devices_model (
    id bigint NOT NULL,
    model_name character varying(100) NOT NULL,
    manufacturer character varying(100) NOT NULL,
    protocol_type character varying(20) NOT NULL,
    default_config jsonb NOT NULL,
    image_url character varying(200),
    description text,
    created_at timestamp with time zone NOT NULL,
    updated_at timestamp with time zone NOT NULL
);


ALTER TABLE public.gps_devices_model OWNER TO gpsstore_user;

--
-- Name: gps_devices_model_id_seq; Type: SEQUENCE; Schema: public; Owner: gpsstore_user
--

ALTER TABLE public.gps_devices_model ALTER COLUMN id ADD GENERATED BY DEFAULT AS IDENTITY (
    SEQUENCE NAME public.gps_devices_model_id_seq
    START WITH 1
    INCREMENT BY 1
    NO MINVALUE
    NO MAXVALUE
    CACHE 1
);


--
-- Name: gps_devices_rawgpsdata; Type: TABLE; Schema: public; Owner: gpsstore_user
--

CREATE TABLE public.gps_devices_rawgpsdata (
    id bigint NOT NULL,
    raw_data text NOT NULL,
    ip_address inet NOT NULL,
    status character varying(20) NOT NULL,
    error_message text,
    created_at timestamp with time zone NOT NULL,
    updated_at timestamp with time zone NOT NULL,
    device_id bigint
);


ALTER TABLE public.gps_devices_rawgpsdata OWNER TO gpsstore_user;

--
-- Name: gps_devices_rawgpsdata_id_seq; Type: SEQUENCE; Schema: public; Owner: gpsstore_user
--

ALTER TABLE public.gps_devices_rawgpsdata ALTER COLUMN id ADD GENERATED BY DEFAULT AS IDENTITY (
    SEQUENCE NAME public.gps_devices_rawgpsdata_id_seq
    START WITH 1
    INCREMENT BY 1
    NO MINVALUE
    NO MAXVALUE
    CACHE 1
);


--
-- Name: gps_devices_state; Type: TABLE; Schema: public; Owner: gpsstore_user
--

CREATE TABLE public.gps_devices_state (
    id bigint NOT NULL,
    name character varying(50) NOT NULL,
    description text,
    created_at timestamp with time zone NOT NULL,
    updated_at timestamp with time zone NOT NULL
);


ALTER TABLE public.gps_devices_state OWNER TO gpsstore_user;

--
-- Name: gps_devices_state_id_seq; Type: SEQUENCE; Schema: public; Owner: gpsstore_user
--

ALTER TABLE public.gps_devices_state ALTER COLUMN id ADD GENERATED BY DEFAULT AS IDENTITY (
    SEQUENCE NAME public.gps_devices_state_id_seq
    START WITH 1
    INCREMENT BY 1
    NO MINVALUE
    NO MAXVALUE
    CACHE 1
);


--
-- Name: products_category; Type: TABLE; Schema: public; Owner: gpsstore_user
--

CREATE TABLE public.products_category (
    id bigint NOT NULL,
    name character varying(100) NOT NULL,
    slug character varying(50) NOT NULL,
    image character varying(100),
    description text NOT NULL,
    is_active boolean NOT NULL
);


ALTER TABLE public.products_category OWNER TO gpsstore_user;

--
-- Name: products_category_id_seq; Type: SEQUENCE; Schema: public; Owner: gpsstore_user
--

ALTER TABLE public.products_category ALTER COLUMN id ADD GENERATED BY DEFAULT AS IDENTITY (
    SEQUENCE NAME public.products_category_id_seq
    START WITH 1
    INCREMENT BY 1
    NO MINVALUE
    NO MAXVALUE
    CACHE 1
);


--
-- Name: products_product; Type: TABLE; Schema: public; Owner: gpsstore_user
--

CREATE TABLE public.products_product (
    id bigint NOT NULL,
    name character varying(200) NOT NULL,
    slug character varying(50) NOT NULL,
    price numeric(10,0) NOT NULL,
    discount_price numeric(10,0),
    description text NOT NULL,
    image character varying(100) NOT NULL,
    is_featured boolean NOT NULL,
    is_active boolean NOT NULL,
    stock integer NOT NULL,
    created_at timestamp with time zone NOT NULL,
    updated_at timestamp with time zone NOT NULL,
    category_id bigint NOT NULL,
    CONSTRAINT products_product_stock_check CHECK ((stock >= 0))
);


ALTER TABLE public.products_product OWNER TO gpsstore_user;

--
-- Name: products_product_id_seq; Type: SEQUENCE; Schema: public; Owner: gpsstore_user
--

ALTER TABLE public.products_product ALTER COLUMN id ADD GENERATED BY DEFAULT AS IDENTITY (
    SEQUENCE NAME public.products_product_id_seq
    START WITH 1
    INCREMENT BY 1
    NO MINVALUE
    NO MAXVALUE
    CACHE 1
);


--
-- Data for Name: accounts_user; Type: TABLE DATA; Schema: public; Owner: gpsstore_user
--

COPY public.accounts_user (id, password, last_login, is_superuser, username, first_name, last_name, email, is_staff, is_active, date_joined, phone, address, subscription_start, subscription_end, is_premium, is_subuser_of_id) FROM stdin;
1	pbkdf2_sha256$1000000$fEzdBRqhJWHUOPnHIH100v$b23H34H9x6lwcxoyozcUucfMyqZDi9mjwcn/5AgJBWc=	2025-12-05 05:42:13.519051+00	t	root			root@gpsstore.com	t	t	2025-12-04 12:20:27.115725+00	\N	\N	\N	\N	f	\N
\.


--
-- Data for Name: accounts_user_groups; Type: TABLE DATA; Schema: public; Owner: gpsstore_user
--

COPY public.accounts_user_groups (id, user_id, group_id) FROM stdin;
\.


--
-- Data for Name: accounts_user_user_permissions; Type: TABLE DATA; Schema: public; Owner: gpsstore_user
--

COPY public.accounts_user_user_permissions (id, user_id, permission_id) FROM stdin;
\.


--
-- Data for Name: accounts_userdevice; Type: TABLE DATA; Schema: public; Owner: gpsstore_user
--

COPY public.accounts_userdevice (id, assigned_at, is_owner, can_view, can_control, notes, expires_at, is_active, created_at, updated_at, assigned_by_id, device_id, user_id) FROM stdin;
\.


--
-- Data for Name: api_apikey; Type: TABLE DATA; Schema: public; Owner: gpsstore_user
--

COPY public.api_apikey (id, api_key, description, is_active, last_used_at, usage_count, rate_limit_per_minute, allowed_ips, created_at, updated_at) FROM stdin;
\.


--
-- Data for Name: auth_group; Type: TABLE DATA; Schema: public; Owner: gpsstore_user
--

COPY public.auth_group (id, name) FROM stdin;
\.


--
-- Data for Name: auth_group_permissions; Type: TABLE DATA; Schema: public; Owner: gpsstore_user
--

COPY public.auth_group_permissions (id, group_id, permission_id) FROM stdin;
\.


--
-- Data for Name: auth_permission; Type: TABLE DATA; Schema: public; Owner: gpsstore_user
--

COPY public.auth_permission (id, name, content_type_id, codename) FROM stdin;
1	Can add log entry	1	add_logentry
2	Can change log entry	1	change_logentry
3	Can delete log entry	1	delete_logentry
4	Can view log entry	1	view_logentry
5	Can add permission	2	add_permission
6	Can change permission	2	change_permission
7	Can delete permission	2	delete_permission
8	Can view permission	2	view_permission
9	Can add group	3	add_group
10	Can change group	3	change_group
11	Can delete group	3	delete_group
12	Can view group	3	view_group
13	Can add content type	4	add_contenttype
14	Can change content type	4	change_contenttype
15	Can delete content type	4	delete_contenttype
16	Can view content type	4	view_contenttype
17	Can add session	5	add_session
18	Can change session	5	change_session
19	Can delete session	5	delete_session
20	Can view session	5	view_session
21	Can add کاربر	6	add_user
22	Can change کاربر	6	change_user
23	Can delete کاربر	6	delete_user
24	Can view کاربر	6	view_user
25	Can add دسترسی کاربر به دستگاه	7	add_userdevice
26	Can change دسترسی کاربر به دستگاه	7	change_userdevice
27	Can delete دسترسی کاربر به دستگاه	7	delete_userdevice
28	Can view دسترسی کاربر به دستگاه	7	view_userdevice
29	Can add دسته‌بندی	8	add_category
30	Can change دسته‌بندی	8	change_category
31	Can delete دسته‌بندی	8	delete_category
32	Can view دسته‌بندی	8	view_category
33	Can add محصول	9	add_product
34	Can change محصول	9	change_product
35	Can delete محصول	9	delete_product
36	Can view محصول	9	view_product
37	Can add state	10	add_state
38	Can change state	10	change_state
39	Can delete state	10	delete_state
40	Can view state	10	view_state
41	Can add model	11	add_model
42	Can change model	11	change_model
43	Can delete model	11	delete_model
44	Can view model	11	view_model
45	Can add داده خام GPS	12	add_rawgpsdata
46	Can change داده خام GPS	12	change_rawgpsdata
47	Can delete داده خام GPS	12	delete_rawgpsdata
48	Can view داده خام GPS	12	view_rawgpsdata
49	Can add device	13	add_device
50	Can change device	13	change_device
51	Can delete device	13	delete_device
52	Can view device	13	view_device
53	Can add موقعیت مکانی	14	add_locationdata
54	Can change موقعیت مکانی	14	change_locationdata
55	Can delete موقعیت مکانی	14	delete_locationdata
56	Can view موقعیت مکانی	14	view_locationdata
57	Can add وضعیت دستگاه	15	add_devicestate
58	Can change وضعیت دستگاه	15	change_devicestate
59	Can delete وضعیت دستگاه	15	delete_devicestate
60	Can view وضعیت دستگاه	15	view_devicestate
61	Can add کلید API	16	add_apikey
62	Can change کلید API	16	change_apikey
63	Can delete کلید API	16	delete_apikey
64	Can view کلید API	16	view_apikey
\.


--
-- Data for Name: django_admin_log; Type: TABLE DATA; Schema: public; Owner: gpsstore_user
--

COPY public.django_admin_log (id, action_time, object_id, object_repr, action_flag, change_message, content_type_id, user_id) FROM stdin;
\.


--
-- Data for Name: django_content_type; Type: TABLE DATA; Schema: public; Owner: gpsstore_user
--

COPY public.django_content_type (id, app_label, model) FROM stdin;
1	admin	logentry
2	auth	permission
3	auth	group
4	contenttypes	contenttype
5	sessions	session
6	accounts	user
7	accounts	userdevice
8	products	category
9	products	product
10	gps_devices	state
11	gps_devices	model
12	gps_devices	rawgpsdata
13	gps_devices	device
14	gps_devices	locationdata
15	gps_devices	devicestate
16	api	apikey
\.


--
-- Data for Name: django_migrations; Type: TABLE DATA; Schema: public; Owner: gpsstore_user
--

COPY public.django_migrations (id, app, name, applied) FROM stdin;
1	gps_devices	0001_initial	2025-12-04 12:20:08.074441+00
2	gps_devices	0002_populate_state_table	2025-12-04 12:20:08.085459+00
3	contenttypes	0001_initial	2025-12-04 12:20:08.09676+00
4	contenttypes	0002_remove_content_type_name	2025-12-04 12:20:08.105381+00
5	auth	0001_initial	2025-12-04 12:20:08.172112+00
6	auth	0002_alter_permission_name_max_length	2025-12-04 12:20:08.182787+00
7	auth	0003_alter_user_email_max_length	2025-12-04 12:20:08.193102+00
8	auth	0004_alter_user_username_opts	2025-12-04 12:20:08.201942+00
9	auth	0005_alter_user_last_login_null	2025-12-04 12:20:08.213697+00
10	auth	0006_require_contenttypes_0002	2025-12-04 12:20:08.216833+00
11	auth	0007_alter_validators_add_error_messages	2025-12-04 12:20:08.225006+00
12	auth	0008_alter_user_username_max_length	2025-12-04 12:20:08.233979+00
13	auth	0009_alter_user_last_name_max_length	2025-12-04 12:20:08.244767+00
14	auth	0010_alter_group_name_max_length	2025-12-04 12:20:08.257605+00
15	auth	0011_update_proxy_permissions	2025-12-04 12:20:08.26783+00
16	auth	0012_alter_user_first_name_max_length	2025-12-04 12:20:08.277595+00
17	accounts	0001_initial	2025-12-04 12:20:08.37598+00
18	gps_devices	0003_model_rawgpsdata_device_locationdata_devicestate	2025-12-04 12:20:08.513794+00
19	accounts	0002_initial	2025-12-04 12:20:08.576793+00
20	admin	0001_initial	2025-12-04 12:20:08.612642+00
21	admin	0002_logentry_remove_auto_add	2025-12-04 12:20:08.624331+00
22	admin	0003_logentry_add_action_flag_choices	2025-12-04 12:20:08.641637+00
23	api	0001_initial	2025-12-04 12:20:08.667314+00
24	gps_devices	0004_alter_locationdata_battery_level	2025-12-04 12:20:08.684896+00
25	gps_devices	0005_rawgpsdata_device	2025-12-04 12:20:08.711581+00
26	gps_devices	0006_locationdata_is_map_matched_and_more	2025-12-04 12:20:08.774916+00
27	products	0001_initial	2025-12-04 12:20:08.811919+00
28	sessions	0001_initial	2025-12-04 12:20:08.828878+00
\.


--
-- Data for Name: django_session; Type: TABLE DATA; Schema: public; Owner: gpsstore_user
--

COPY public.django_session (session_key, session_data, expire_date) FROM stdin;
4g2a3241rp0fs3epdx8rvn5l2w0j5zev	.eJxVjL0OwiAURt-F2RC4hQKOJo7Gybm5F25DY_9S2sn47takg67n-855iQa3NTdb4aXpkjgLLU6_jDA-efwOOM9FYozTNq5FHrzI64Bdf18e-3nEgW9T4v5ySH-ljCXvmRqCZ3ZBtUoZr8GST-Rs5aLhmkIybUIV6wDRQwVWg6fkSGl0ZBUYL94fNuE6zA:1vR8Lk:yXyPAROhvKzf1QEpLJ-9FF0jofRzYMs94h1cwHCM8_E	2025-12-18 12:22:20.771572+00
a9iq8z5mz1etv9ps4bairc4nqlux8yfl	.eJxVjL0OwiAURt-F2RC4hQKOJo7Gybm5F25DY_9S2sn47takg67n-855iQa3NTdb4aXpkjgLLU6_jDA-efwOOM9FYozTNq5FHrzI64Bdf18e-3nEgW9T4v5ySH-ljCXvmRqCZ3ZBtUoZr8GST-Rs5aLhmkIybUIV6wDRQwVWg6fkSGl0ZBUYL94fNuE6zA:1vR9VK:F72GqORY9YCAugSIdkGghAtbhQFYTU4dNVqGpEwyQ7A	2025-12-18 13:36:18.221677+00
fv0jabnsh0ka1x03bgrn27o72iig6trf	.eJxVjL0OwiAURt-F2RC4hQKOJo7Gybm5F25DY_9S2sn47takg67n-855iQa3NTdb4aXpkjgLLU6_jDA-efwOOM9FYozTNq5FHrzI64Bdf18e-3nEgW9T4v5ySH-ljCXvmRqCZ3ZBtUoZr8GST-Rs5aLhmkIybUIV6wDRQwVWg6fkSGl0ZBUYL94fNuE6zA:1vRCfa:pk096EP-1VdNpbJ-D-tkWpr25Wn8cSz_ZeYIcqopJSg	2025-12-18 16:59:06.507471+00
cep64q9dgw47u2gzqkyryehjxud0479q	.eJxVjL0OwiAURt-F2RC4hQKOJo7Gybm5F25DY_9S2sn47takg67n-855iQa3NTdb4aXpkjgLLU6_jDA-efwOOM9FYozTNq5FHrzI64Bdf18e-3nEgW9T4v5ySH-ljCXvmRqCZ3ZBtUoZr8GST-Rs5aLhmkIybUIV6wDRQwVWg6fkSGl0ZBUYL94fNuE6zA:1vROa5:K6t5QPbL_6LntJerS1TtYWap_TSUlXIIvRBk28EfPJU	2025-12-19 05:42:13.530759+00
\.


--
-- Data for Name: gps_devices_device; Type: TABLE DATA; Schema: public; Owner: gpsstore_user
--

COPY public.gps_devices_device (id, imei, sim_no, driver_name, name, status, created_at, updated_at, owner_id, model_id) FROM stdin;
1	9176515697	\N	\N	9176515697	active	2025-12-04 12:20:53.208018+00	2025-12-04 12:20:53.208055+00	1	1
2	9176515712	\N	\N	9176515712	active	2025-12-04 12:20:54.25431+00	2025-12-04 12:20:54.254329+00	1	1
3	9176515436	\N	\N	9176515436	active	2025-12-04 12:20:55.553023+00	2025-12-04 12:20:55.553053+00	1	1
4	9176515396	\N	\N	9176515396	active	2025-12-04 12:21:00.767515+00	2025-12-04 12:21:00.767545+00	1	1
5	9176515725	\N	\N	9176515725	active	2025-12-04 12:21:24.624032+00	2025-12-04 12:21:24.624053+00	1	1
6	9176515718	\N	\N	9176515718	active	2025-12-04 13:35:43.439437+00	2025-12-04 13:35:43.439461+00	1	1
\.


--
-- Data for Name: gps_devices_devicestate; Type: TABLE DATA; Schema: public; Owner: gpsstore_user
--

COPY public.gps_devices_devicestate (id, "timestamp", created_at, updated_at, device_id, state_id, location_data_id) FROM stdin;
1	2025-12-04 12:20:53.230838+00	2025-12-04 12:20:53.230866+00	2025-12-04 12:20:53.230884+00	1	14	\N
2	2025-12-04 12:20:54.27306+00	2025-12-04 12:20:54.273107+00	2025-12-04 12:20:54.273115+00	2	14	\N
3	2025-12-04 12:20:55.577745+00	2025-12-04 12:20:55.577759+00	2025-12-04 12:20:55.577763+00	3	15	1
4	2025-12-04 12:30:20.842578+00	2025-12-04 12:30:20.842606+00	2025-12-04 12:30:20.842615+00	3	14	25
5	2025-12-04 13:35:43.451365+00	2025-12-04 13:35:43.451386+00	2025-12-04 13:35:43.451401+00	6	14	\N
6	2025-12-04 13:46:19.078568+00	2025-12-04 13:46:19.078731+00	2025-12-04 13:46:19.078762+00	3	15	28
\.


--
-- Data for Name: gps_devices_locationdata; Type: TABLE DATA; Schema: public; Owner: gpsstore_user
--

COPY public.gps_devices_locationdata (id, latitude, longitude, speed, heading, altitude, accuracy, satellites, battery_level, signal_strength, gsm_operator, raw_data, address, is_valid, created_at, updated_at, device_id, is_map_matched, matched_geometry, original_latitude, original_longitude) FROM stdin;
1	34.6615167	50.9133350	46.36	319	0	0	0	\N	0	\N	{'protocol': 'HQ', 'ip_address': '5.117.154.35', 'raw_hex': '2a48512c393137363531353433362c56312c3132323035322c412c333433392e363931302c4e2c30353035342e383030312c452c32352e30332c3331392c3034313232352c66626666666666662c3433322c33352c31323637322c323439383423'}	\N	t	2025-12-04 12:20:55.571619+00	2025-12-04 12:20:55.571637+00	3	f	\N	34.6615167	50.9133350
2	34.6626600	50.9120260	40.74	316	0	0	0	\N	0	\N	{'protocol': 'HQ', 'ip_address': '5.117.154.35', 'raw_hex': '2a48512c393137363531353433362c56312c3132323130362c412c333433392e373631322c4e2c30353035342e373233372c452c32322e30302c3331362c3034313232352c66626666666666662c3433322c33352c31323637322c323439383423'}	\N	t	2025-12-04 12:21:09.345221+00	2025-12-04 12:21:09.345265+00	3	t	oyprEm_wuH[XYx@mDrD	34.6626867	50.9120617
3	34.6634470	50.9110740	40.8	318	0	0	0	\N	0	\N	{'protocol': 'HQ', 'ip_address': '5.117.154.35', 'raw_hex': '2a48512c393137363531353433362c56312c3132323131382c412c333433392e383039332c4e2c30353035342e363637372c452c32322e30332c3331382c3034313232352c66626666666666662c3433322c33352c31323637322c323439383423'}	\N	t	2025-12-04 12:21:22.984093+00	2025-12-04 12:21:22.98426+00	3	t	oyprEm_wuH[XYx@yAtAkBxBw@jAmAvA	34.6634883	50.9111283
4	34.6646040	50.9097740	44.49	314	0	0	0	\N	0	\N	{'protocol': 'HQ', 'ip_address': '5.117.154.35', 'raw_hex': '2a48512c393137363531353433362c56312c3132323133332c412c333433392e383737382c4e2c30353035342e353838342c452c32342e30322c3331342c3034313232352c66626666666666662c3433322c33352c31323637322c323439383423'}	\N	t	2025-12-04 12:21:36.269706+00	2025-12-04 12:21:36.269757+00	3	t	qeqrEeqvuHeFbG	34.6646300	50.9098067
5	34.6658200	50.9080983	46.43	308	0	0	0	\N	0	\N	{'protocol': 'HQ', 'ip_address': '5.117.154.35', 'raw_hex': '2a48512c393137363531353433362c56312c3132323134392c412c333433392e393439322c4e2c30353035342e343835392c452c32352e30372c3330382c3034313232352c66626666666666662c3433322c33352c31323637322c313439383423'}	\N	t	2025-12-04 12:21:52.706457+00	2025-12-04 12:21:52.706483+00	3	f	\N	34.6658200	50.9080983
6	34.6668100	50.9065550	46.34	308	0	0	0	\N	0	\N	{'protocol': 'HQ', 'ip_address': '5.117.154.35', 'raw_hex': '2a48512c393137363531353433362c56312c3132323230312c412c333434302e303130352c4e2c30353035342e333930352c452c32352e30322c3330382c3034313232352c66626666666666662c3433322c33352c31323637322c313439383423'}	\N	t	2025-12-04 12:22:06.277611+00	2025-12-04 12:22:06.277664+00	3	t	glqrEohvuHbFaGlSgPpAIfBXrBeAn@J\\ZvEdJ{H|D|@vCeDfBiJvIe@u@sEdIcFpOk@hAuBuAaOiN	34.6668417	50.9065083
7	34.6678650	50.9048950	50	307	0	0	0	\N	0	\N	{'protocol': 'HQ', 'ip_address': '5.117.154.35', 'raw_hex': '2a48512c393137363531353433362c56312c3132323231352c412c333434302e303731392c4e2c30353035342e323933372c452c32372e30302c3330372c3034313232352c66626666666666662c3433322c33352c31323637322c313439383423'}	\N	t	2025-12-04 12:22:19.658251+00	2025-12-04 12:22:19.658281+00	3	f	\N	34.6678650	50.9048950
8	34.6668100	50.9065550	53.76	305	0	0	0	\N	0	\N	{'protocol': 'HQ', 'ip_address': '5.117.154.35', 'raw_hex': '2a48512c393137363531353433362c56312c3132323232382c412c333434302e313331302c4e2c30353035342e313939312c452c32392e30332c3330352c3034313232352c66626666666666662c3433322c33352c31323637322c313439383423'}	\N	t	2025-12-04 12:22:32.938873+00	2025-12-04 12:22:32.938901+00	3	t	{`rrEijuuHoI~Ne@HI[JWnBeDd@SnGmNf@[jOpPZx@j@Nt@i@@mAs@k@Ou@wBsD_JuI	34.6688500	50.9033183
9	34.6668100	50.9065550	64.91	307	0	0	0	\N	0	\N	{'protocol': 'HQ', 'ip_address': '5.117.154.35', 'raw_hex': '2a48512c393137363531353433362c56312c3132323234352c412c333434302e323233302c4e2c30353035342e303534372c452c33352e30352c3330372c3034313232352c66626666666666662c3433322c33352c31323637322c313932313323'}	\N	t	2025-12-04 12:22:50.788458+00	2025-12-04 12:22:50.788518+00	3	t	izqrEutuuHqEjIoI~Ne@HI[JWnBeDd@SnGmNf@[jOpPZx@j@Nt@i@@mAs@k@Ou@wBsD_JuI	34.6703833	50.9009117
10	34.6668100	50.9065550	70.39	306	0	0	0	\N	0	\N	{'protocol': 'HQ', 'ip_address': '5.117.154.35', 'raw_hex': '2a48512c393137363531353433362c56312c3132323235382c412c333434302e333030342c4e2c30353035332e393331362c452c33382e30312c3330362c3034313232352c66626666666666662c3433322c33352c31323637322c313932313323'}	\N	t	2025-12-04 12:23:04.213755+00	2025-12-04 12:23:04.213782+00	3	t	izqrEutuuH??qEjIoI~Ne@HI[JWnBeDd@SnGmNf@[jOpPZx@j@Nt@i@@mAs@k@Ou@wBsD_JuI	34.6716733	50.8988600
11	34.6732210	50.8964300	72.25	307	0	0	0	\N	0	\N	{'protocol': 'HQ', 'ip_address': '5.117.154.35', 'raw_hex': '2a48512c393137363531353433362c56312c3132323331312c412c333434302e333931342c4e2c30353035332e373834322c452c33392e30312c3330372c3034313232352c66626666666666662c3433322c33352c31323637322c313932313323'}	\N	t	2025-12-04 12:23:17.315512+00	2025-12-04 12:23:17.315554+00	3	t	izqrEutuuH????qEjIoI~Ne@H@s@tCyDnGmNf@[fPjRj@Nt@i@@mA{DuG_JuIaAaAc@\\nIzJjDrCZz@UpBZx@rAENaBs@k@iAwCgFqGi@sDbCiIhE}GrEkFx]sZhBU\\l@IjAw@\\o@W}CiGCoAl@}AjAQl@^ZhAS~AmZtX_L`NwDhGgn@biA	34.6731900	50.8964033
12	34.6668100	50.9065550	98.17	307	0	0	0	\N	0	\N	{'protocol': 'HQ', 'ip_address': '5.117.154.35', 'raw_hex': '2a48512c393137363531353433362c56312c3132323333382c412c333434302e353936362c4e2c30353035332e343537362c452c35332e30312c3330372c3034313232352c66626666666666662c3433322c33352c31323637322c323133323223'}	\N	t	2025-12-04 12:23:45.061069+00	2025-12-04 12:23:45.061094+00	3	t	izqrEutuuH????qEjIoI~Ne@HI[JWnBeDd@SnGmNf@[jOpPZx@j@Nt@i@@mAs@k@Ou@wBsD_JuI	34.6766100	50.8909600
13	34.6788980	50.8874140	77.84	307	0	0	0	\N	0	\N	{'protocol': 'HQ', 'ip_address': '5.117.154.35', 'raw_hex': '2a48512c393137363531353433362c56312c3132323335342c412c333434302e373333372c4e2c30353035332e323434372c452c34322e30332c3330372c3034313232352c66626666666666662c3433322c33352c31323637322c323133323223'}	\N	t	2025-12-04 12:24:01.222345+00	2025-12-04 12:24:01.222363+00	3	t	izqrEutuuH????qEjIoI~Ne@H@s@tCyDnGmNf@[fPjRj@Nt@i@@mA{DuG_JuIeFkEsIkFk@pBdMzJC`AgF~K_An@eC|EyBzHet@rsA	34.6788950	50.8874117
14	34.6804600	50.8849660	57.52	307	0	0	0	\N	0	\N	{'protocol': 'HQ', 'ip_address': '5.117.154.35', 'raw_hex': '2a48512c393137363531353433362c56312c3132323430382c412c333434302e383236382c4e2c30353035332e303937332c452c33312e30362c3330372c3034313232352c66626666666666662c3433322c33352c31323637322c323133323223'}	\N	t	2025-12-04 12:24:14.450928+00	2025-12-04 12:24:14.451005+00	3	t	izqrEutuuH????qEjIoI~Ne@H@s@tCyDnGmNf@[fPjRj@Nt@i@@mAs@k@iAwCkK_MiOiKOm@tLyTbFEdEjHEn@|AhBQdBqEtHuzAjoC	34.6804467	50.8849550
15	34.6815750	50.8830870	51.93	306	0	0	0	\N	0	\N	{'protocol': 'HQ', 'ip_address': '5.117.154.35', 'raw_hex': '2a48512c393137363531353433362c56312c3132323432312c412c333434302e383935372c4e2c30353035322e393836332c452c32382e30342c3330362c3034313232352c66626666666666662c3433322c33352c31323637322c323133323223'}	\N	t	2025-12-04 12:24:28.540087+00	2025-12-04 12:24:28.540112+00	3	t	izqrEutuuH????qEjIoI~Ne@H@s@tCyDnGmNf@[fPjRj@Nt@i@@mA{DuG_JuIeFkEsIkFk@pBdMzJC`AgF~K_An@eC|EyBzH}dArnB	34.6815950	50.8831050
16	34.6828780	50.8810460	68.54	307	0	0	0	\N	0	\N	{'protocol': 'HQ', 'ip_address': '5.117.154.35', 'raw_hex': '2a48512c393137363531353433362c56312c3132323433352c412c333434302e393732342c4e2c30353035322e383632352c452c33372e30312c3330372c3034313232352c66626666666666662c3433322c33352c31323637322c323133323223'}	\N	t	2025-12-04 12:24:42.301199+00	2025-12-04 12:24:42.301238+00	3	t	gvtrEuaquHhmA{zBr@w@zAGvQtNLO_AkAImA`C_FhCkANaB{DuG_JcL_@aCb@oBdJeNdAzAQdBuKlR????qEjIiRf\\yiAnvB	34.6828733	50.8810417
17	34.6845360	50.8781280	68.56	300	0	0	0	\N	0	\N	{'protocol': 'HQ', 'ip_address': '5.117.154.35', 'raw_hex': '2a48512c393137363531353433362c56312c3132323435312c412c333434312e303734332c4e2c30353035322e363839302c452c33372e30322c3330302c3034313232352c66626666666666662c3433322c33352c31323637322c313932313123'}	\N	t	2025-12-04 12:24:58.07738+00	2025-12-04 12:24:58.077418+00	3	t	i~trE}tpuH`GwKhmA{zBr@w@zAGvQtNLO_AkAImA`C_FhCkANaB{DuG_JuI????eFkEsIkFk@pBdMzJC`AgF~K_An@eC|EyBzHc{@f~AgWlf@aC|F	34.6845717	50.8781500
18	34.6858500	50.8752370	77.78	299	0	0	0	\N	0	\N	{'protocol': 'HQ', 'ip_address': '5.117.154.35', 'raw_hex': '2a48512c393137363531353433362c56312c3132323530352c412c333434312e313530352c4e2c30353035322e353133392c452c34322e30302c3239392c3034313232352c66626666666666662c3433322c33352c31323637322c313932313123'}	\N	t	2025-12-04 12:25:11.888151+00	2025-12-04 12:25:11.888185+00	3	t	kiurEicpuHcDpOm@|We@t@gAHq@s@MwAp@aA`Bk@jFDp@p@HtBu@jAyADo@c@g@eBNyQfDeRtI_R`GwKhmA{zBr@w@zAGvQtNLO_AkAImA`C_FhCkANaB{DuG_JuI??eFkEsIkFk@pBdMzJC`AgF~K_An@eC|EyBzHksAteCgK~X	34.6858417	50.8752317
19	34.6869650	50.8728870	51.89	310	0	0	0	\N	0	\N	{'protocol': 'HQ', 'ip_address': '5.117.154.35', 'raw_hex': '2a48512c393137363531353433362c56312c3132323531392c412c333434312e323137382c4e2c30353035322e333733312c452c32382e30322c3331302c3034313232352c66626666666666662c3433322c33352c31323637322c313932313123'}	\N	t	2025-12-04 12:25:26.545167+00	2025-12-04 12:25:26.545195+00	3	t	kiurEicpuHcDpOm@|WmB~@_AkCrCmBjFDz@fDoCpAwAiCNyQfDeRtI_R`GwKhmA{zBnC_AdRdNiAyC`C_FhCkANaB{DuG_JuIyPwLk@pBdMzJC`AmLlTyBzHksAteCgRtg@	34.6869633	50.8728850
20	34.6951060	50.8701590	33.41	161	0	0	0	\N	0	\N	{'protocol': 'HQ', 'ip_address': '5.117.154.35', 'raw_hex': '2a48512c393137363531353433362c56312c3132323731322c412c333434312e373035382c4e2c30353035322e323132362c452c31382e30342c3136312c3034313232352c66626666666666662c3433322c33352c31323637322c333438353623'}	\N	t	2025-12-04 12:27:18.673594+00	2025-12-04 12:27:18.673635+00	3	t	kiurEicpuHcDpOm@|WmB~@_AkCrCmBjFDz@fDoCpAwAiCNyQfDeRtI_R`GwKhmA{zBnC_AdRdNiAyC`C_FhCkANaB{DuG_JuIyPwLk@pBdMzJC`A}a@pz@uaAliBsRhh@cAjAqY|Bg[vJlEs@	34.6950967	50.8702100
21	34.6939470	50.8706520	29.63	159	0	0	0	\N	0	\N	{'protocol': 'HQ', 'ip_address': '5.117.154.35', 'raw_hex': '2a48512c393137363531353433362c56312c3132323732362c412c333434312e363337322c4e2c30353035322e323430342c452c31362e30302c3135392c3034313232352c66626666666666662c3433322c33352c31323637322c333438353623'}	\N	t	2025-12-04 12:27:34.609407+00	2025-12-04 12:27:34.609431+00	3	t	kiurEicpuHcDpOm@|WmB~@_AkCrCmBjFDz@fDoCpAwAiCNyQfDeRtI_R`GwKhmA{zBnC_AdRdNiAyC`C_FhCkANaB{DuG_JuIyPwLk@pBdMzJC`AmLlTyBzHksAteCsRhh@cAjAqY|Bg[vJtLuC	34.6939533	50.8706733
22	34.6827700	50.8809470	11.2	229	0	0	0	\N	0	\N	{'protocol': 'HQ', 'ip_address': '5.117.154.35', 'raw_hex': '2a48512c393137363531353433362c56312c3132323734322c412c333434312e353737302c4e2c30353035322e323630362c452c362e30352c3232392c3034313232352c66626666666666662c3433322c33352c31323637322c333438353623'}	\N	t	2025-12-04 12:27:49.845157+00	2025-12-04 12:27:49.8452+00	3	t	kiurEicpuHs@tBs@dD{@tF]bFKhGFlEK`BUh@OJg@L_@C[SU_@Mk@?k@Xm@VS`Bk@hBOhBJVHTNZ`@Pz@Gx@Yp@[Xg@Lq@Go@c@g@eBGoEJeHJcBRyB`AwFpAsFbCiGpEuI	34.6929500	50.8710100
23	34.6930910	50.8690290	35.24	272	0	0	0	\N	0	\N	{'protocol': 'HQ', 'ip_address': '5.117.154.35', 'raw_hex': '2a48512c393137363531353433362c56312c3132323830322c412c333434312e353835312c4e2c30353035322e313431372c452c31392e30332c3237322c3034313232352c66626666666666662c3433322c33352c31323637322c333438353623'}	\N	t	2025-12-04 12:28:09.386047+00	2025-12-04 12:28:09.386067+00	3	t	a~trEstpuHzA{Bl@BpV|LqAzEcEf\\ugAbI{\\jJM\\f@JlKaD	34.6930850	50.8690283
24	34.6930800	50.8683433	0	169	0	0	0	\N	0	\N	{'protocol': 'HQ', 'ip_address': '5.117.154.35', 'raw_hex': '2a48512c393137363531353433362c56312c3132323832382c412c333434312e353834382c4e2c30353035322e313030362c452c302e30302c3136392c3034313232352c66626666666666662c3433322c33352c31323637322c333438353623'}	\N	t	2025-12-04 12:28:34.482667+00	2025-12-04 12:28:34.482689+00	3	f	\N	34.6930800	50.8683433
25	34.6926767	50.8683867	0	152	0	0	0	\N	0	\N	{'protocol': 'HQ', 'ip_address': '5.117.154.35', 'raw_hex': '2a48512c393137363531353433362c56312c3132333030302c412c333434312e353630362c4e2c30353035322e313033322c452c302e30302c3135322c3034313232352c66626666666666662c3433322c33352c31323637322c323439373923'}	\N	t	2025-12-04 12:30:07.074053+00	2025-12-04 12:30:07.074115+00	3	f	\N	34.6926767	50.8683867
26	34.6925917	50.8684917	0	68	0	0	0	\N	0	\N	{'protocol': 'HQ', 'ip_address': '5.117.154.35', 'raw_hex': '2a48512c393137363531353433362c56312c3132333032382c412c333434312e353535352c4e2c30353035322e313039352c452c302e30302c36382c3034313232352c66626666666666662c3433322c33352c31323637322c323439373923'}	\N	t	2025-12-04 12:30:34.526908+00	2025-12-04 12:30:34.526928+00	3	f	\N	34.6925917	50.8684917
27	34.6926350	50.8684350	0	328	0	0	0	\N	0	\N	{'protocol': 'HQ', 'ip_address': '5.117.154.35', 'raw_hex': '2a48512c393137363531353433362c56312c3133343630302c412c333434312e353538312c4e2c30353035322e313036312c452c302e30302c3332382c3034313232352c66626666666666662c3433322c33352c31323637322c323439373923'}	\N	t	2025-12-04 13:46:03.31128+00	2025-12-04 13:46:03.311323+00	3	f	\N	34.6926350	50.8684350
28	34.6925867	50.8684217	11.19	183	0	0	0	\N	0	\N	{'protocol': 'HQ', 'ip_address': '5.117.154.35', 'raw_hex': '2a48512c393137363531353433362c56312c3133343631362c412c333434312e353535322c4e2c30353035322e313035332c452c362e30342c3138332c3034313232352c66626666666666662c3433322c33352c31323637322c323439373923'}	\N	t	2025-12-04 13:46:19.06914+00	2025-12-04 13:46:19.069231+00	3	f	\N	34.6925867	50.8684217
29	34.6925433	50.8683733	0	296	0	0	0	\N	0	\N	{'protocol': 'HQ', 'ip_address': '5.117.154.35', 'raw_hex': '2a48512c393137363531353433362c56312c3133343633322c412c333434312e353532362c4e2c30353035322e313032342c452c302e30302c3239362c3034313232352c66626666666666662c3433322c33352c31323637322c323439373923'}	\N	t	2025-12-04 13:46:34.303198+00	2025-12-04 13:46:34.303216+00	3	f	\N	34.6925433	50.8683733
\.


--
-- Data for Name: gps_devices_model; Type: TABLE DATA; Schema: public; Owner: gpsstore_user
--

COPY public.gps_devices_model (id, model_name, manufacturer, protocol_type, default_config, image_url, description, created_at, updated_at) FROM stdin;
1	Unknown	Unknown	TCP	{}	\N	Auto-created for unregistered devices	2025-12-04 12:20:53.203689+00	2025-12-04 12:20:53.203725+00
\.


--
-- Data for Name: gps_devices_rawgpsdata; Type: TABLE DATA; Schema: public; Owner: gpsstore_user
--

COPY public.gps_devices_rawgpsdata (id, raw_data, ip_address, status, error_message, created_at, updated_at, device_id) FROM stdin;
1	313131310c010000040000011b09000002010000fc00000061646d696e0000000000000000000000000000000000000000000000000000000000000000000000000000000000000000000000000000000000000000000000717565727942617369634366670000000000000000000000000000000000000000000000000000000000000000000000000000000000000000000000000000003c3f786d6c2076657273696f6e3d22312e302220656e636f64696e673d225554462d38223f3e0a3c726571756573742076657273696f6e3d22312e30222073797374656d547970653d224e564d532d393030302220636c69656e74547970653d22574542222075726c3d2271756572794261736963436667222f3e0a	176.65.148.229	rejected	Security check failed: suspicious	2025-12-04 13:34:52.527575+00	2025-12-04 13:34:52.527649+00	\N
2	16030105ac010005a8030338c8cd979aad0242cb5ff808e1ff4e0824aab6a30bd139048e8e064e961217bf209562ae711eff3fd912a30d74f9d9ca66014925071877cdf7959fda8c14bfd19d001ac02bc02fc02cc030cca9cca8c009c013c00ac01413011302130301000545000b00020100ff010001000017000000120000000500050100000000000a000c000a11ec001d001700180019000d001a0018080404030807080508060401050106010503060302010203002b0009080304030303020301003304ea04e811ec04c094c06d1062c707b43511430ba4a8ae430865331717979966fc3b07cb46c356c79e083cb60c6964dcda29fefa4952e529b8e130e69305bfe531ad818586e54f08270c4bcb3f0295275d7b91c416bd97cacc05f15ab990cfb275a8622c9df4a743e1b56332563c23dcbeaf6454836278e199af393413f0554105d8a43ea092754ba846a36f7a939a983128327667071a8e67c22860e5624e0362e1f3acc71154d8141173b9bcf7eccf3c6a36d7bc3ba3353028f861c7e1b02b258d752652170216f51000b788277f1b30639595310936a3260fa26ac992c4031e777343517e2dbc70a4684682a9814898ac7afa13ddc90667a24138e54124c49cb1f5000bf443e1316a97a0c4f5f27b9ba996ec82942bf450791681f6ac3068523b37a938b806893c0702bf6c96b75b7d715829f309919fb93d46875061da31c810a734732f4b577a893906932c2c0a1c11ed4babfdb129d33211a850387f02a6ab16c34d7b0ae95ca82939b45f725f8fa177baf8c06dc71ed8e564b09971a9f54669b00096d30b5ac98cdf2070d657a19a4b9c0bd464e77bc7f3400c9ab90a698c4559c127a47c1abbabbd90316fa6f237794caac0a7581199371c5a428e738939db66a8529d2cb60fc51056501a47d6dca9f6e64b57d98b6dc98158823bd2b16134f46076253779dc974d04a916573409d596296a9cc642416412ab311aa15cc8c382667ba160a6dc24aaa39400f0661a4bd1abe1d3497a9645f2a2528cd4758f9c6d7f2a3b9c154ca7719d141b3ff41c02f6fbabe39b10edd5280ce38dffeb7cfa793c1800adb61b33e813bdd34b0dcbd072fc32a7107553a0a03bfeb931faf0841a730786e133e2eaa0041992bd0274fab88e92db054cfa95918657f5693010992fd2cc24e7b48630a4283dcc5a6305921303ca16025fa27779652015c5a930d0b790b8da574aa1bc7ee729ca0739ecc04dcbc6a41fa2b1000376c1f48337b51266c25e75d6095f63c3944a27d769974d476a8b6cc43ed509efa4c5ef16095991987d945bbb63500b2bbe5651073cdb0e94d1b492a481ebe759b1c2bfa8712defcc91d447a49a01b4d79432fddca7b052b75c691bc683439d3a4c86f71e17d40592832dcb692ccee98f8188925d3015d9713efd68837a25c0	176.65.148.229	rejected	Security check failed: suspicious	2025-12-04 13:34:52.53357+00	2025-12-04 13:34:52.533607+00	\N
3	3131313188000000010100000025ad113e0a3c6378000000640000000000000061646d696e000000000000000000000000000000000000000000000000000000000000003132333435360000000000000000000000000000000000000000000000000000000000004445534b544f542d4445534b544f54000000000000000000000000005254001131fe000004000000	176.65.148.229	rejected	Security check failed: suspicious	2025-12-04 13:34:52.534797+00	2025-12-04 13:34:52.534813+00	\N
4	GET / HTTP/1.1\r\nHost: 91.107.129.141:5000\r\n\r\n	176.65.148.229	rejected	Security check failed: suspicious	2025-12-04 13:34:52.540583+00	2025-12-04 13:34:52.540625+00	\N
5	GET /index.htm HTTP/1.1\r\nUser-Agent: Mozilla/5.0\r\nHost: 91.107.129.141:5000\r\n\r\n	176.65.148.229	rejected	Security check failed: suspicious	2025-12-04 13:34:52.549271+00	2025-12-04 13:34:52.549293+00	\N
6	3131313188000000010100000025ad113e0a3c6378000000640000000000000061646d696e000000000000000000000000000000000000000000000000000000000000003132333435360000000000000000000000000000000000000000000000000000000000004445534b544f542d4445534b544f54000000000000000000000000005254001131fe000004000000	176.65.148.229	rejected	Security check failed: suspicious	2025-12-04 13:34:53.525663+00	2025-12-04 13:34:53.525716+00	\N
7	3131313188000000010100000025ad113e0a3c6378000000640000000000000061646d696e000000000000000000000000000000000000000000000000000000000000003132333435360000000000000000000000000000000000000000000000000000000000004445534b544f542d4445534b544f54000000000000000000000000005254001131fe000004000000	176.65.148.229	rejected	Security check failed: suspicious	2025-12-04 13:34:54.565393+00	2025-12-04 13:34:54.565418+00	\N
8	GET / HTTP/1.1\r\nHost: 91.107.129.141\r\nConnection: keep-alive\r\nsec-ch-ua: "Google Chrome";v="139", "Not-A.Brand";v="8", "Chromium";v="139"\r\nsec-ch-ua-mobile: ?0\r\nsec-ch-ua-platform: "Linux"\r\nUpgrade-Insecure-Requests: 1\r\nUser-Agent: Mozilla/5.0 (X11; Linux x86_64) AppleWebKit/537.36 (KHTML, like Gecko) Chrome/139.0.0.0 Safari/537.36\r\nAccept: text/html,application/xhtml+xml,application/xml;q=0.9,image/avif,image/webp,image/apng,*/*;q=0.8\r\nSec-GPC: 1\r\nAccept-Language: en-US,en;q=0.5\r\nSec-Fetch-Site: none\r\nSec-Fetch-Mode: navigate\r\nSec-Fetch-User: ?1\r\nSec-Fetch-Dest: document\r\nAccept-Encoding: gzip, deflate\r\n\r\n	167.172.249.173	rejected	Security check failed: suspicious	2025-12-04 14:44:45.448489+00	2025-12-04 14:44:45.448564+00	\N
9	GET /index.htm HTTP/1.1\r\nUser-Agent: Mozilla/5.0\r\nHost: 91.107.129.141:5000\r\n\r\n	176.65.148.229	rejected	Security check failed: suspicious	2025-12-04 16:00:10.088776+00	2025-12-04 16:00:10.088792+00	\N
11	GET / HTTP/1.1\r\nHost: 91.107.129.141:5000\r\n\r\n	176.65.148.229	rejected	Security check failed: suspicious	2025-12-04 16:00:10.088024+00	2025-12-04 16:00:10.088048+00	\N
10	16030105ac010005a803031dd52b4e8924d9e34591340e49def860d14eaa2a91f3c709cb8a0043cb8f153520637fa01b442a578af30bcfe7b8d2b4f1f57b76b923c046118be699ee22d5166f001ac02bc02fc02cc030cca9cca8c009c013c00ac01413011302130301000545000b00020100ff010001000017000000120000000500050100000000000a000c000a11ec001d001700180019000d001a0018080404030807080508060401050106010503060302010203002b0009080304030303020301003304ea04e811ec04c0c0611a52520360ab0953c618674a25176a57c6b25eae294c04e5cf22dcbc0d91b450873462a2cbac2a16491a468585ca88c95476c7777044cfb664309d4a4e94d014929a0538fb57ec5b45c8e77828932fbdd7040f0a71e21b22817562032841806744a283885282756251bbffa7bfcc703613f06204f16eb2c4189530554bbb7e92410a7075b5c1a814b28cbe88e721bc1667c6e886497588a963835f0112488b5d7d34a5ffeab5c2eb817d90402666673c1c37b7f635b6416d13b51df0f2ace2927601052fb8ac18c9c677ff6256caa1ac6f35a740eb03bdcb7301e8cda21533f6d0aac4081dbaa8a417e1c0ad0a3f1b7b554151906b954a47ba2ff1f046c8fa4fa571b26c58816e714a30f26ab735718f781e4b300bc8865b32bb92c9a5a8c288c5c92471c3a2b4ec890552d13d7f3641e1334778d6955d371585e5c98167bab9751901d198f0207320d4879893382d94145b83912e613c3492b54b60bb96a21ecb1caf0988532b81a0b3fb2264259f63bb6b1273cc9e207d5c363bcc01219d757c30654445cc5f08e76adf485c31261ee8c75be19788cbf33a5118b0a8a2818e97b3c8d446105c2930b4a603bc2ef2343da619519264c30fc072b761a620740aeb702cb840a681c9ce7aa278be53465b6300fd07666be4c6873c216204be5d14a97ac95b5655cb55e0ce3f514b060c680c32122869be6529b9cb09864fc67310590ec6046f86bb9a41b477d9957d3427406e169220ba8f79ac0ed09b0262c925dbf016b4a194f362019790945b9cc39b7751395c0a12a09f384b3017790dc6835ccfa199c1a4344ffb34e8563344209ae601a79b788a38b796c5c1552f586d25dc3c9aa53395f47474627aac33a346316c3e987a39d53aa42849b9e96fd8b8956c388569a5746bdab11457160f14bebab17c5ed5474e2469b2f0737e72363ae4bfdc093b6a7bc383f0a98b42477c0569e232980bb1bf22341d0cb9222b2a1467744e9cd643635615f60b22b1eca26c4cc9efd6ced6725bc1e147af9556358453ad85b40f88993c58283d258f6edc82ec43474e395df64c6f3044be644c3e4b1356f57b2756240afa53b3d6e9700321988c30711b505da158c29e5616eeb4615b9a658103c941885213d562d199198876cb	176.65.148.229	rejected	Security check failed: suspicious	2025-12-04 16:00:10.089096+00	2025-12-04 16:00:10.089108+00	\N
12	313131310c010000040000011b09000002010000fc00000061646d696e0000000000000000000000000000000000000000000000000000000000000000000000000000000000000000000000000000000000000000000000717565727942617369634366670000000000000000000000000000000000000000000000000000000000000000000000000000000000000000000000000000003c3f786d6c2076657273696f6e3d22312e302220656e636f64696e673d225554462d38223f3e0a3c726571756573742076657273696f6e3d22312e30222073797374656d547970653d224e564d532d393030302220636c69656e74547970653d22574542222075726c3d2271756572794261736963436667222f3e0a	176.65.148.229	rejected	Security check failed: suspicious	2025-12-04 16:00:10.088405+00	2025-12-04 16:00:10.088422+00	\N
13	3131313188000000010100000025ad113e0a3c6378000000640000000000000061646d696e000000000000000000000000000000000000000000000000000000000000003132333435360000000000000000000000000000000000000000000000000000000000004445534b544f542d4445534b544f54000000000000000000000000005254001131fe000004000000	176.65.148.229	rejected	Security check failed: suspicious	2025-12-04 16:00:10.109438+00	2025-12-04 16:00:10.109458+00	\N
14	3131313188000000010100000025ad113e0a3c6378000000640000000000000061646d696e000000000000000000000000000000000000000000000000000000000000003132333435360000000000000000000000000000000000000000000000000000000000004445534b544f542d4445534b544f54000000000000000000000000005254001131fe000004000000	176.65.148.229	rejected	Security check failed: suspicious	2025-12-04 16:00:11.241344+00	2025-12-04 16:00:11.241362+00	\N
15	3131313188000000010100000025ad113e0a3c6378000000640000000000000061646d696e000000000000000000000000000000000000000000000000000000000000003132333435360000000000000000000000000000000000000000000000000000000000004445534b544f542d4445534b544f54000000000000000000000000005254001131fe000004000000	176.65.148.229	rejected	Security check failed: suspicious	2025-12-04 16:00:12.257272+00	2025-12-04 16:00:12.257293+00	\N
16	0300002f2ae00000000000436f6f6b69653a206d737473686173683d41646d696e697374720d0a0100080003000000	80.64.19.132	rejected	Security check failed: suspicious	2025-12-04 18:00:47.065213+00	2025-12-04 18:00:47.065269+00	\N
17	16030100ee010000ea0303cb90198111f71f9f628fa0f36e71dea508f8a57b8f511f185d814c4aa2ba4ff8207fe9193bc82e288db56a6140b619200494eaec0e4458a400620a4fc213bf8e200026cca8cca9c02fc030c02bc02cc013c009c014c00a009c009d002f0035c012000a1303130113020100007b000500050100000000000a000a0008001d001700180019000b00020100000d001a0018080404030807080508060401050106010503060302010203ff0100010000120000002b0009080304030303020301003300260024001d0020c025f4bbf4c86adc08e3900845e7196703f00686c8e1c216f674749dbec0d042	206.168.34.54	rejected	Security check failed: suspicious	2025-12-04 20:28:53.199149+00	2025-12-04 20:28:53.199201+00	\N
18	GET / HTTP/1.1\r\nHost: 91.107.129.141:5000\r\n\r\n	206.168.34.54	rejected	Security check failed: suspicious	2025-12-04 20:28:57.30773+00	2025-12-04 20:28:57.307755+00	\N
19	000e08885d385fcb242dbd0000000000	206.168.34.54	rejected	Security check failed: suspicious	2025-12-04 20:29:04.023375+00	2025-12-04 20:29:04.023426+00	\N
20	000e38885d385fcb242dbd0000000000	206.168.34.54	rejected	Security check failed: suspicious	2025-12-04 20:29:04.511377+00	2025-12-04 20:29:04.511409+00	\N
21	1603010200010001fc0303414423263ebaddc5ac4a6aeaeba9c181cb7b56d3c27ee5002c93e2eef5d2b45d20752541b4239ba8e8db02372af33b97cb1159cb188f60f1b02b1250274ff0e6b40056130213031301c02cc030c02bc02fcca9cca8009f009eccaac0afc0adc0aec0acc024c028c023c027c00ac014c009c013c0a3c09fc0a2c09e006b006700390033009d009cc0a1c09dc0a0c09c003d003c0035002f00ff0100015d000b000403000102000a000c000a001d0017001e001900180010000b000908687474702f312e31001600000017000000310000000d002a0028040305030603080708080809080a080b080408050806040105010601030303010302040205020602002b00050403040303002d00020101003300260024001d002062159e22d2b940310e16ea729b26bc4b3d9dc4f8c93c6bf12cb44569698ddd4a001500bf0000000000000000000000000000000000000000000000000000000000000000000000000000000000000000000000000000000000000000000000000000000000000000000000000000000000000000000000000000000000000000000000000000000000000000000000000000000000000000000000000000000000000000000000000000000000000000000000000000000000000000000000000000000000000000000000000000000000000000000000000000000000000000000000	44.220.185.72	rejected	Security check failed: suspicious	2025-12-05 00:18:48.162803+00	2025-12-05 00:18:48.162927+00	\N
22	GET / HTTP/1.1\r\nHost: 91.107.129.141:5000\r\nUser-Agent: Mozilla/5.0 (Windows NT 6.2;en-US) AppleWebKit/537.32.36 (KHTML, live Gecko) Chrome/57.0.3006.61 Safari/537.32\r\nAccept-Encoding: gzip, deflate\r\nAccept: */*\r\nConnection: keep-alive\r\n\r\n	44.220.185.72	rejected	Security check failed: suspicious	2025-12-05 00:18:48.432256+00	2025-12-05 00:18:48.432287+00	\N
23	GET / HTTP/1.1\r\nUser-Agent: Mozilla/5.0 (Windows NT 6.2;en-US) AppleWebKit/537.32.36 (KHTML, live Gecko) Chrome/57.0.3006.61 Safari/537.32\r\nAccept-Encoding: gzip, deflate\r\nAccept: */*\r\nConnection: keep-alive\r\nHost: localhost\r\n\r\n	44.220.185.72	rejected	Security check failed: suspicious	2025-12-05 00:18:48.689961+00	2025-12-05 00:18:48.690015+00	\N
24	GET / HTTP/1.1\r\nHost: 91.107.129.141:5000\r\nUser-Agent: Mozilla/5.0 (Macintosh; Intel Mac OS X 10_15_7) AppleWebKit/537.36 (KHTML, like Gecko) Chrome/124.0.0.0 Safari/537.36\r\nAccept-encoding: gzip\r\nAccept: */*\r\nConnection: keep-alive\r\n\r\n	44.220.185.72	rejected	Security check failed: suspicious	2025-12-05 00:18:54.060461+00	2025-12-05 00:18:54.06049+00	\N
25	1603010200010001fc03032facce6a0e7fb8d95559a294e6cdd27af6b71e91f706597d75f854de5530dacb20d0a92bae3d626c1f2746cc34fe65b023378be9e46a011eacebe3efc14e7ea71900b6130213031301c02cc03000a3009fcca9cca8ccaac0adc09fc05dc061c057c05300a7c02bc02f00a2009ec0acc09ec05cc060c056c05200a6c0afc0aec0a3c0a2c024c028006b006ac073c07700c400c3006d00c5c023c02700670040c072c07600be00bd006c00bfc00ac0140039003800880087c019003a0089c009c01300330032009a009900450044c0180034009b0046009dc09dc051009cc09cc050c0a1c0a0003d00c0003c00ba00350084002f0096004100ff010000fd000b000403000102000a00160014001d0017001e0019001801000101010201030104002300000016000000170000000d0036003404030503060308070808081a081b081c0809080a080b080408050806040105010601030302030301020103020202040205020602002b0009080304030303020301002d00020101003300260024001d0020eec27b9db01b78ec5e995b137e19f7c41fccfd2a133fce5a19a4ca12635e9b0c001b000504000100030015004b000000000000000000000000000000000000000000000000000000000000000000000000000000000000000000000000000000000000000000000000000000000000000000000000000000	44.220.185.72	rejected	Security check failed: suspicious	2025-12-05 00:18:54.301891+00	2025-12-05 00:18:54.301914+00	\N
26	\n\n	44.220.185.72	rejected	Security check failed: suspicious	2025-12-05 00:18:54.546105+00	2025-12-05 00:18:54.546125+00	\N
27	0300002f2ae00000000000436f6f6b69653a206d737473686173683d41646d696e697374720d0a0100080003000000	80.94.95.75	rejected	Security check failed: suspicious	2025-12-05 01:28:43.704158+00	2025-12-05 01:28:43.70422+00	\N
28	GET / HTTP/1.1\r\nHost: 91.107.129.141:5000\r\nUser-Agent: Mozilla/5.0 (Windows NT 10.0; Win64; x64) AppleWebKit/537.36 (KHTML, like Gecko) Chrome/119.0.0.0 Safari/537.36\r\nAccept: */*\r\nAccept-Encoding: gzip\r\n\r\n	64.62.156.162	rejected	Security check failed: suspicious	2025-12-05 02:00:16.558494+00	2025-12-05 02:00:16.558553+00	\N
29	GET / HTTP/1.0\r\nHost: 91.107.129.141\r\nAccept: text/plain,text/html\r\n\r\n	179.96.190.111	rejected	Security check failed: suspicious	2025-12-05 04:53:00.883415+00	2025-12-05 04:53:00.883503+00	\N
\.


--
-- Data for Name: gps_devices_state; Type: TABLE DATA; Schema: public; Owner: gpsstore_user
--

COPY public.gps_devices_state (id, name, description, created_at, updated_at) FROM stdin;
1	park	\N	2025-12-04 12:20:08.077533+00	2025-12-04 12:20:08.077575+00
2	moving	\N	2025-12-04 12:20:08.07887+00	2025-12-04 12:20:08.07889+00
3	idle	\N	2025-12-04 12:20:08.079521+00	2025-12-04 12:20:08.079537+00
4	acc off	\N	2025-12-04 12:20:08.080116+00	2025-12-04 12:20:08.080133+00
5	sos	\N	2025-12-04 12:20:08.08066+00	2025-12-04 12:20:08.080671+00
6	vibration	\N	2025-12-04 12:20:08.081186+00	2025-12-04 12:20:08.081198+00
7	geofence in/out	\N	2025-12-04 12:20:08.081734+00	2025-12-04 12:20:08.081745+00
8	power cut	\N	2025-12-04 12:20:08.082381+00	2025-12-04 12:20:08.082392+00
9	low battery	\N	2025-12-04 12:20:08.082922+00	2025-12-04 12:20:08.082933+00
10	gps lost	\N	2025-12-04 12:20:08.083421+00	2025-12-04 12:20:08.083432+00
11	gps recovered	\N	2025-12-04 12:20:08.083869+00	2025-12-04 12:20:08.083876+00
12	tamper (device power cut)	\N	2025-12-04 12:20:08.084356+00	2025-12-04 12:20:08.084367+00
13	small movement (noise)	\N	2025-12-04 12:20:08.084939+00	2025-12-04 12:20:08.084954+00
14	Stopped	\N	2025-12-04 12:20:53.228117+00	2025-12-04 12:20:53.228165+00
15	Moving	\N	2025-12-04 12:20:55.575982+00	2025-12-04 12:20:55.576+00
\.


--
-- Data for Name: products_category; Type: TABLE DATA; Schema: public; Owner: gpsstore_user
--

COPY public.products_category (id, name, slug, image, description, is_active) FROM stdin;
\.


--
-- Data for Name: products_product; Type: TABLE DATA; Schema: public; Owner: gpsstore_user
--

COPY public.products_product (id, name, slug, price, discount_price, description, image, is_featured, is_active, stock, created_at, updated_at, category_id) FROM stdin;
\.


--
-- Name: accounts_user_groups_id_seq; Type: SEQUENCE SET; Schema: public; Owner: gpsstore_user
--

SELECT pg_catalog.setval('public.accounts_user_groups_id_seq', 1, false);


--
-- Name: accounts_user_id_seq; Type: SEQUENCE SET; Schema: public; Owner: gpsstore_user
--

SELECT pg_catalog.setval('public.accounts_user_id_seq', 1, true);


--
-- Name: accounts_user_user_permissions_id_seq; Type: SEQUENCE SET; Schema: public; Owner: gpsstore_user
--

SELECT pg_catalog.setval('public.accounts_user_user_permissions_id_seq', 1, false);


--
-- Name: accounts_userdevice_id_seq; Type: SEQUENCE SET; Schema: public; Owner: gpsstore_user
--

SELECT pg_catalog.setval('public.accounts_userdevice_id_seq', 1, false);


--
-- Name: api_apikey_id_seq; Type: SEQUENCE SET; Schema: public; Owner: gpsstore_user
--

SELECT pg_catalog.setval('public.api_apikey_id_seq', 1, false);


--
-- Name: auth_group_id_seq; Type: SEQUENCE SET; Schema: public; Owner: gpsstore_user
--

SELECT pg_catalog.setval('public.auth_group_id_seq', 1, false);


--
-- Name: auth_group_permissions_id_seq; Type: SEQUENCE SET; Schema: public; Owner: gpsstore_user
--

SELECT pg_catalog.setval('public.auth_group_permissions_id_seq', 1, false);


--
-- Name: auth_permission_id_seq; Type: SEQUENCE SET; Schema: public; Owner: gpsstore_user
--

SELECT pg_catalog.setval('public.auth_permission_id_seq', 64, true);


--
-- Name: django_admin_log_id_seq; Type: SEQUENCE SET; Schema: public; Owner: gpsstore_user
--

SELECT pg_catalog.setval('public.django_admin_log_id_seq', 1, false);


--
-- Name: django_content_type_id_seq; Type: SEQUENCE SET; Schema: public; Owner: gpsstore_user
--

SELECT pg_catalog.setval('public.django_content_type_id_seq', 16, true);


--
-- Name: django_migrations_id_seq; Type: SEQUENCE SET; Schema: public; Owner: gpsstore_user
--

SELECT pg_catalog.setval('public.django_migrations_id_seq', 28, true);


--
-- Name: gps_devices_device_id_seq; Type: SEQUENCE SET; Schema: public; Owner: gpsstore_user
--

SELECT pg_catalog.setval('public.gps_devices_device_id_seq', 6, true);


--
-- Name: gps_devices_devicestate_id_seq; Type: SEQUENCE SET; Schema: public; Owner: gpsstore_user
--

SELECT pg_catalog.setval('public.gps_devices_devicestate_id_seq', 6, true);


--
-- Name: gps_devices_locationdata_id_seq; Type: SEQUENCE SET; Schema: public; Owner: gpsstore_user
--

SELECT pg_catalog.setval('public.gps_devices_locationdata_id_seq', 29, true);


--
-- Name: gps_devices_model_id_seq; Type: SEQUENCE SET; Schema: public; Owner: gpsstore_user
--

SELECT pg_catalog.setval('public.gps_devices_model_id_seq', 1, true);


--
-- Name: gps_devices_rawgpsdata_id_seq; Type: SEQUENCE SET; Schema: public; Owner: gpsstore_user
--

SELECT pg_catalog.setval('public.gps_devices_rawgpsdata_id_seq', 29, true);


--
-- Name: gps_devices_state_id_seq; Type: SEQUENCE SET; Schema: public; Owner: gpsstore_user
--

SELECT pg_catalog.setval('public.gps_devices_state_id_seq', 15, true);


--
-- Name: products_category_id_seq; Type: SEQUENCE SET; Schema: public; Owner: gpsstore_user
--

SELECT pg_catalog.setval('public.products_category_id_seq', 1, false);


--
-- Name: products_product_id_seq; Type: SEQUENCE SET; Schema: public; Owner: gpsstore_user
--

SELECT pg_catalog.setval('public.products_product_id_seq', 1, false);


--
-- Name: accounts_user_groups accounts_user_groups_pkey; Type: CONSTRAINT; Schema: public; Owner: gpsstore_user
--

ALTER TABLE ONLY public.accounts_user_groups
    ADD CONSTRAINT accounts_user_groups_pkey PRIMARY KEY (id);


--
-- Name: accounts_user_groups accounts_user_groups_user_id_group_id_59c0b32f_uniq; Type: CONSTRAINT; Schema: public; Owner: gpsstore_user
--

ALTER TABLE ONLY public.accounts_user_groups
    ADD CONSTRAINT accounts_user_groups_user_id_group_id_59c0b32f_uniq UNIQUE (user_id, group_id);


--
-- Name: accounts_user accounts_user_pkey; Type: CONSTRAINT; Schema: public; Owner: gpsstore_user
--

ALTER TABLE ONLY public.accounts_user
    ADD CONSTRAINT accounts_user_pkey PRIMARY KEY (id);


--
-- Name: accounts_user_user_permissions accounts_user_user_permi_user_id_permission_id_2ab516c2_uniq; Type: CONSTRAINT; Schema: public; Owner: gpsstore_user
--

ALTER TABLE ONLY public.accounts_user_user_permissions
    ADD CONSTRAINT accounts_user_user_permi_user_id_permission_id_2ab516c2_uniq UNIQUE (user_id, permission_id);


--
-- Name: accounts_user_user_permissions accounts_user_user_permissions_pkey; Type: CONSTRAINT; Schema: public; Owner: gpsstore_user
--

ALTER TABLE ONLY public.accounts_user_user_permissions
    ADD CONSTRAINT accounts_user_user_permissions_pkey PRIMARY KEY (id);


--
-- Name: accounts_user accounts_user_username_key; Type: CONSTRAINT; Schema: public; Owner: gpsstore_user
--

ALTER TABLE ONLY public.accounts_user
    ADD CONSTRAINT accounts_user_username_key UNIQUE (username);


--
-- Name: accounts_userdevice accounts_userdevice_pkey; Type: CONSTRAINT; Schema: public; Owner: gpsstore_user
--

ALTER TABLE ONLY public.accounts_userdevice
    ADD CONSTRAINT accounts_userdevice_pkey PRIMARY KEY (id);


--
-- Name: accounts_userdevice accounts_userdevice_user_id_device_id_04a5d09f_uniq; Type: CONSTRAINT; Schema: public; Owner: gpsstore_user
--

ALTER TABLE ONLY public.accounts_userdevice
    ADD CONSTRAINT accounts_userdevice_user_id_device_id_04a5d09f_uniq UNIQUE (user_id, device_id);


--
-- Name: api_apikey api_apikey_api_key_key; Type: CONSTRAINT; Schema: public; Owner: gpsstore_user
--

ALTER TABLE ONLY public.api_apikey
    ADD CONSTRAINT api_apikey_api_key_key UNIQUE (api_key);


--
-- Name: api_apikey api_apikey_pkey; Type: CONSTRAINT; Schema: public; Owner: gpsstore_user
--

ALTER TABLE ONLY public.api_apikey
    ADD CONSTRAINT api_apikey_pkey PRIMARY KEY (id);


--
-- Name: auth_group auth_group_name_key; Type: CONSTRAINT; Schema: public; Owner: gpsstore_user
--

ALTER TABLE ONLY public.auth_group
    ADD CONSTRAINT auth_group_name_key UNIQUE (name);


--
-- Name: auth_group_permissions auth_group_permissions_group_id_permission_id_0cd325b0_uniq; Type: CONSTRAINT; Schema: public; Owner: gpsstore_user
--

ALTER TABLE ONLY public.auth_group_permissions
    ADD CONSTRAINT auth_group_permissions_group_id_permission_id_0cd325b0_uniq UNIQUE (group_id, permission_id);


--
-- Name: auth_group_permissions auth_group_permissions_pkey; Type: CONSTRAINT; Schema: public; Owner: gpsstore_user
--

ALTER TABLE ONLY public.auth_group_permissions
    ADD CONSTRAINT auth_group_permissions_pkey PRIMARY KEY (id);


--
-- Name: auth_group auth_group_pkey; Type: CONSTRAINT; Schema: public; Owner: gpsstore_user
--

ALTER TABLE ONLY public.auth_group
    ADD CONSTRAINT auth_group_pkey PRIMARY KEY (id);


--
-- Name: auth_permission auth_permission_content_type_id_codename_01ab375a_uniq; Type: CONSTRAINT; Schema: public; Owner: gpsstore_user
--

ALTER TABLE ONLY public.auth_permission
    ADD CONSTRAINT auth_permission_content_type_id_codename_01ab375a_uniq UNIQUE (content_type_id, codename);


--
-- Name: auth_permission auth_permission_pkey; Type: CONSTRAINT; Schema: public; Owner: gpsstore_user
--

ALTER TABLE ONLY public.auth_permission
    ADD CONSTRAINT auth_permission_pkey PRIMARY KEY (id);


--
-- Name: django_admin_log django_admin_log_pkey; Type: CONSTRAINT; Schema: public; Owner: gpsstore_user
--

ALTER TABLE ONLY public.django_admin_log
    ADD CONSTRAINT django_admin_log_pkey PRIMARY KEY (id);


--
-- Name: django_content_type django_content_type_app_label_model_76bd3d3b_uniq; Type: CONSTRAINT; Schema: public; Owner: gpsstore_user
--

ALTER TABLE ONLY public.django_content_type
    ADD CONSTRAINT django_content_type_app_label_model_76bd3d3b_uniq UNIQUE (app_label, model);


--
-- Name: django_content_type django_content_type_pkey; Type: CONSTRAINT; Schema: public; Owner: gpsstore_user
--

ALTER TABLE ONLY public.django_content_type
    ADD CONSTRAINT django_content_type_pkey PRIMARY KEY (id);


--
-- Name: django_migrations django_migrations_pkey; Type: CONSTRAINT; Schema: public; Owner: gpsstore_user
--

ALTER TABLE ONLY public.django_migrations
    ADD CONSTRAINT django_migrations_pkey PRIMARY KEY (id);


--
-- Name: django_session django_session_pkey; Type: CONSTRAINT; Schema: public; Owner: gpsstore_user
--

ALTER TABLE ONLY public.django_session
    ADD CONSTRAINT django_session_pkey PRIMARY KEY (session_key);


--
-- Name: gps_devices_device gps_devices_device_imei_key; Type: CONSTRAINT; Schema: public; Owner: gpsstore_user
--

ALTER TABLE ONLY public.gps_devices_device
    ADD CONSTRAINT gps_devices_device_imei_key UNIQUE (imei);


--
-- Name: gps_devices_device gps_devices_device_pkey; Type: CONSTRAINT; Schema: public; Owner: gpsstore_user
--

ALTER TABLE ONLY public.gps_devices_device
    ADD CONSTRAINT gps_devices_device_pkey PRIMARY KEY (id);


--
-- Name: gps_devices_devicestate gps_devices_devicestate_pkey; Type: CONSTRAINT; Schema: public; Owner: gpsstore_user
--

ALTER TABLE ONLY public.gps_devices_devicestate
    ADD CONSTRAINT gps_devices_devicestate_pkey PRIMARY KEY (id);


--
-- Name: gps_devices_locationdata gps_devices_locationdata_pkey; Type: CONSTRAINT; Schema: public; Owner: gpsstore_user
--

ALTER TABLE ONLY public.gps_devices_locationdata
    ADD CONSTRAINT gps_devices_locationdata_pkey PRIMARY KEY (id);


--
-- Name: gps_devices_model gps_devices_model_pkey; Type: CONSTRAINT; Schema: public; Owner: gpsstore_user
--

ALTER TABLE ONLY public.gps_devices_model
    ADD CONSTRAINT gps_devices_model_pkey PRIMARY KEY (id);


--
-- Name: gps_devices_rawgpsdata gps_devices_rawgpsdata_pkey; Type: CONSTRAINT; Schema: public; Owner: gpsstore_user
--

ALTER TABLE ONLY public.gps_devices_rawgpsdata
    ADD CONSTRAINT gps_devices_rawgpsdata_pkey PRIMARY KEY (id);


--
-- Name: gps_devices_state gps_devices_state_name_key; Type: CONSTRAINT; Schema: public; Owner: gpsstore_user
--

ALTER TABLE ONLY public.gps_devices_state
    ADD CONSTRAINT gps_devices_state_name_key UNIQUE (name);


--
-- Name: gps_devices_state gps_devices_state_pkey; Type: CONSTRAINT; Schema: public; Owner: gpsstore_user
--

ALTER TABLE ONLY public.gps_devices_state
    ADD CONSTRAINT gps_devices_state_pkey PRIMARY KEY (id);


--
-- Name: products_category products_category_pkey; Type: CONSTRAINT; Schema: public; Owner: gpsstore_user
--

ALTER TABLE ONLY public.products_category
    ADD CONSTRAINT products_category_pkey PRIMARY KEY (id);


--
-- Name: products_category products_category_slug_key; Type: CONSTRAINT; Schema: public; Owner: gpsstore_user
--

ALTER TABLE ONLY public.products_category
    ADD CONSTRAINT products_category_slug_key UNIQUE (slug);


--
-- Name: products_product products_product_pkey; Type: CONSTRAINT; Schema: public; Owner: gpsstore_user
--

ALTER TABLE ONLY public.products_product
    ADD CONSTRAINT products_product_pkey PRIMARY KEY (id);


--
-- Name: products_product products_product_slug_key; Type: CONSTRAINT; Schema: public; Owner: gpsstore_user
--

ALTER TABLE ONLY public.products_product
    ADD CONSTRAINT products_product_slug_key UNIQUE (slug);


--
-- Name: accounts_user_groups_group_id_bd11a704; Type: INDEX; Schema: public; Owner: gpsstore_user
--

CREATE INDEX accounts_user_groups_group_id_bd11a704 ON public.accounts_user_groups USING btree (group_id);


--
-- Name: accounts_user_groups_user_id_52b62117; Type: INDEX; Schema: public; Owner: gpsstore_user
--

CREATE INDEX accounts_user_groups_user_id_52b62117 ON public.accounts_user_groups USING btree (user_id);


--
-- Name: accounts_user_is_subuser_of_id_59ce12e4; Type: INDEX; Schema: public; Owner: gpsstore_user
--

CREATE INDEX accounts_user_is_subuser_of_id_59ce12e4 ON public.accounts_user USING btree (is_subuser_of_id);


--
-- Name: accounts_user_user_permissions_permission_id_113bb443; Type: INDEX; Schema: public; Owner: gpsstore_user
--

CREATE INDEX accounts_user_user_permissions_permission_id_113bb443 ON public.accounts_user_user_permissions USING btree (permission_id);


--
-- Name: accounts_user_user_permissions_user_id_e4f0a161; Type: INDEX; Schema: public; Owner: gpsstore_user
--

CREATE INDEX accounts_user_user_permissions_user_id_e4f0a161 ON public.accounts_user_user_permissions USING btree (user_id);


--
-- Name: accounts_user_username_6088629e_like; Type: INDEX; Schema: public; Owner: gpsstore_user
--

CREATE INDEX accounts_user_username_6088629e_like ON public.accounts_user USING btree (username varchar_pattern_ops);


--
-- Name: accounts_userdevice_assigned_by_id_d785adff; Type: INDEX; Schema: public; Owner: gpsstore_user
--

CREATE INDEX accounts_userdevice_assigned_by_id_d785adff ON public.accounts_userdevice USING btree (assigned_by_id);


--
-- Name: accounts_userdevice_device_id_562687e3; Type: INDEX; Schema: public; Owner: gpsstore_user
--

CREATE INDEX accounts_userdevice_device_id_562687e3 ON public.accounts_userdevice USING btree (device_id);


--
-- Name: accounts_userdevice_user_id_2e91dbfd; Type: INDEX; Schema: public; Owner: gpsstore_user
--

CREATE INDEX accounts_userdevice_user_id_2e91dbfd ON public.accounts_userdevice USING btree (user_id);


--
-- Name: api_apikey_api_key_fb9b2ce4_like; Type: INDEX; Schema: public; Owner: gpsstore_user
--

CREATE INDEX api_apikey_api_key_fb9b2ce4_like ON public.api_apikey USING btree (api_key varchar_pattern_ops);


--
-- Name: auth_group_name_a6ea08ec_like; Type: INDEX; Schema: public; Owner: gpsstore_user
--

CREATE INDEX auth_group_name_a6ea08ec_like ON public.auth_group USING btree (name varchar_pattern_ops);


--
-- Name: auth_group_permissions_group_id_b120cbf9; Type: INDEX; Schema: public; Owner: gpsstore_user
--

CREATE INDEX auth_group_permissions_group_id_b120cbf9 ON public.auth_group_permissions USING btree (group_id);


--
-- Name: auth_group_permissions_permission_id_84c5c92e; Type: INDEX; Schema: public; Owner: gpsstore_user
--

CREATE INDEX auth_group_permissions_permission_id_84c5c92e ON public.auth_group_permissions USING btree (permission_id);


--
-- Name: auth_permission_content_type_id_2f476e4b; Type: INDEX; Schema: public; Owner: gpsstore_user
--

CREATE INDEX auth_permission_content_type_id_2f476e4b ON public.auth_permission USING btree (content_type_id);


--
-- Name: django_admin_log_content_type_id_c4bce8eb; Type: INDEX; Schema: public; Owner: gpsstore_user
--

CREATE INDEX django_admin_log_content_type_id_c4bce8eb ON public.django_admin_log USING btree (content_type_id);


--
-- Name: django_admin_log_user_id_c564eba6; Type: INDEX; Schema: public; Owner: gpsstore_user
--

CREATE INDEX django_admin_log_user_id_c564eba6 ON public.django_admin_log USING btree (user_id);


--
-- Name: django_session_expire_date_a5c62663; Type: INDEX; Schema: public; Owner: gpsstore_user
--

CREATE INDEX django_session_expire_date_a5c62663 ON public.django_session USING btree (expire_date);


--
-- Name: django_session_session_key_c0390e0f_like; Type: INDEX; Schema: public; Owner: gpsstore_user
--

CREATE INDEX django_session_session_key_c0390e0f_like ON public.django_session USING btree (session_key varchar_pattern_ops);


--
-- Name: gps_devices_device_imei_d090cbde_like; Type: INDEX; Schema: public; Owner: gpsstore_user
--

CREATE INDEX gps_devices_device_imei_d090cbde_like ON public.gps_devices_device USING btree (imei varchar_pattern_ops);


--
-- Name: gps_devices_device_model_id_6cca5017; Type: INDEX; Schema: public; Owner: gpsstore_user
--

CREATE INDEX gps_devices_device_model_id_6cca5017 ON public.gps_devices_device USING btree (model_id);


--
-- Name: gps_devices_device_owner_id_0663c42a; Type: INDEX; Schema: public; Owner: gpsstore_user
--

CREATE INDEX gps_devices_device_owner_id_0663c42a ON public.gps_devices_device USING btree (owner_id);


--
-- Name: gps_devices_devicestate_device_id_25b564f9; Type: INDEX; Schema: public; Owner: gpsstore_user
--

CREATE INDEX gps_devices_devicestate_device_id_25b564f9 ON public.gps_devices_devicestate USING btree (device_id);


--
-- Name: gps_devices_devicestate_location_data_id_cecf7f1d; Type: INDEX; Schema: public; Owner: gpsstore_user
--

CREATE INDEX gps_devices_devicestate_location_data_id_cecf7f1d ON public.gps_devices_devicestate USING btree (location_data_id);


--
-- Name: gps_devices_devicestate_state_id_db30e9a0; Type: INDEX; Schema: public; Owner: gpsstore_user
--

CREATE INDEX gps_devices_devicestate_state_id_db30e9a0 ON public.gps_devices_devicestate USING btree (state_id);


--
-- Name: gps_devices_locationdata_device_id_8c9e935d; Type: INDEX; Schema: public; Owner: gpsstore_user
--

CREATE INDEX gps_devices_locationdata_device_id_8c9e935d ON public.gps_devices_locationdata USING btree (device_id);


--
-- Name: gps_devices_rawgpsdata_device_id_fa8ee77a; Type: INDEX; Schema: public; Owner: gpsstore_user
--

CREATE INDEX gps_devices_rawgpsdata_device_id_fa8ee77a ON public.gps_devices_rawgpsdata USING btree (device_id);


--
-- Name: gps_devices_state_name_64be87ab_like; Type: INDEX; Schema: public; Owner: gpsstore_user
--

CREATE INDEX gps_devices_state_name_64be87ab_like ON public.gps_devices_state USING btree (name varchar_pattern_ops);


--
-- Name: products_category_slug_c558efae_like; Type: INDEX; Schema: public; Owner: gpsstore_user
--

CREATE INDEX products_category_slug_c558efae_like ON public.products_category USING btree (slug varchar_pattern_ops);


--
-- Name: products_product_category_id_9b594869; Type: INDEX; Schema: public; Owner: gpsstore_user
--

CREATE INDEX products_product_category_id_9b594869 ON public.products_product USING btree (category_id);


--
-- Name: products_product_slug_70d3148d_like; Type: INDEX; Schema: public; Owner: gpsstore_user
--

CREATE INDEX products_product_slug_70d3148d_like ON public.products_product USING btree (slug varchar_pattern_ops);


--
-- Name: accounts_user_groups accounts_user_groups_group_id_bd11a704_fk_auth_group_id; Type: FK CONSTRAINT; Schema: public; Owner: gpsstore_user
--

ALTER TABLE ONLY public.accounts_user_groups
    ADD CONSTRAINT accounts_user_groups_group_id_bd11a704_fk_auth_group_id FOREIGN KEY (group_id) REFERENCES public.auth_group(id) DEFERRABLE INITIALLY DEFERRED;


--
-- Name: accounts_user_groups accounts_user_groups_user_id_52b62117_fk_accounts_user_id; Type: FK CONSTRAINT; Schema: public; Owner: gpsstore_user
--

ALTER TABLE ONLY public.accounts_user_groups
    ADD CONSTRAINT accounts_user_groups_user_id_52b62117_fk_accounts_user_id FOREIGN KEY (user_id) REFERENCES public.accounts_user(id) DEFERRABLE INITIALLY DEFERRED;


--
-- Name: accounts_user accounts_user_is_subuser_of_id_59ce12e4_fk_accounts_user_id; Type: FK CONSTRAINT; Schema: public; Owner: gpsstore_user
--

ALTER TABLE ONLY public.accounts_user
    ADD CONSTRAINT accounts_user_is_subuser_of_id_59ce12e4_fk_accounts_user_id FOREIGN KEY (is_subuser_of_id) REFERENCES public.accounts_user(id) DEFERRABLE INITIALLY DEFERRED;


--
-- Name: accounts_user_user_permissions accounts_user_user_p_permission_id_113bb443_fk_auth_perm; Type: FK CONSTRAINT; Schema: public; Owner: gpsstore_user
--

ALTER TABLE ONLY public.accounts_user_user_permissions
    ADD CONSTRAINT accounts_user_user_p_permission_id_113bb443_fk_auth_perm FOREIGN KEY (permission_id) REFERENCES public.auth_permission(id) DEFERRABLE INITIALLY DEFERRED;


--
-- Name: accounts_user_user_permissions accounts_user_user_p_user_id_e4f0a161_fk_accounts_; Type: FK CONSTRAINT; Schema: public; Owner: gpsstore_user
--

ALTER TABLE ONLY public.accounts_user_user_permissions
    ADD CONSTRAINT accounts_user_user_p_user_id_e4f0a161_fk_accounts_ FOREIGN KEY (user_id) REFERENCES public.accounts_user(id) DEFERRABLE INITIALLY DEFERRED;


--
-- Name: accounts_userdevice accounts_userdevice_assigned_by_id_d785adff_fk_accounts_user_id; Type: FK CONSTRAINT; Schema: public; Owner: gpsstore_user
--

ALTER TABLE ONLY public.accounts_userdevice
    ADD CONSTRAINT accounts_userdevice_assigned_by_id_d785adff_fk_accounts_user_id FOREIGN KEY (assigned_by_id) REFERENCES public.accounts_user(id) DEFERRABLE INITIALLY DEFERRED;


--
-- Name: accounts_userdevice accounts_userdevice_device_id_562687e3_fk_gps_devices_device_id; Type: FK CONSTRAINT; Schema: public; Owner: gpsstore_user
--

ALTER TABLE ONLY public.accounts_userdevice
    ADD CONSTRAINT accounts_userdevice_device_id_562687e3_fk_gps_devices_device_id FOREIGN KEY (device_id) REFERENCES public.gps_devices_device(id) DEFERRABLE INITIALLY DEFERRED;


--
-- Name: accounts_userdevice accounts_userdevice_user_id_2e91dbfd_fk_accounts_user_id; Type: FK CONSTRAINT; Schema: public; Owner: gpsstore_user
--

ALTER TABLE ONLY public.accounts_userdevice
    ADD CONSTRAINT accounts_userdevice_user_id_2e91dbfd_fk_accounts_user_id FOREIGN KEY (user_id) REFERENCES public.accounts_user(id) DEFERRABLE INITIALLY DEFERRED;


--
-- Name: auth_group_permissions auth_group_permissio_permission_id_84c5c92e_fk_auth_perm; Type: FK CONSTRAINT; Schema: public; Owner: gpsstore_user
--

ALTER TABLE ONLY public.auth_group_permissions
    ADD CONSTRAINT auth_group_permissio_permission_id_84c5c92e_fk_auth_perm FOREIGN KEY (permission_id) REFERENCES public.auth_permission(id) DEFERRABLE INITIALLY DEFERRED;


--
-- Name: auth_group_permissions auth_group_permissions_group_id_b120cbf9_fk_auth_group_id; Type: FK CONSTRAINT; Schema: public; Owner: gpsstore_user
--

ALTER TABLE ONLY public.auth_group_permissions
    ADD CONSTRAINT auth_group_permissions_group_id_b120cbf9_fk_auth_group_id FOREIGN KEY (group_id) REFERENCES public.auth_group(id) DEFERRABLE INITIALLY DEFERRED;


--
-- Name: auth_permission auth_permission_content_type_id_2f476e4b_fk_django_co; Type: FK CONSTRAINT; Schema: public; Owner: gpsstore_user
--

ALTER TABLE ONLY public.auth_permission
    ADD CONSTRAINT auth_permission_content_type_id_2f476e4b_fk_django_co FOREIGN KEY (content_type_id) REFERENCES public.django_content_type(id) DEFERRABLE INITIALLY DEFERRED;


--
-- Name: django_admin_log django_admin_log_content_type_id_c4bce8eb_fk_django_co; Type: FK CONSTRAINT; Schema: public; Owner: gpsstore_user
--

ALTER TABLE ONLY public.django_admin_log
    ADD CONSTRAINT django_admin_log_content_type_id_c4bce8eb_fk_django_co FOREIGN KEY (content_type_id) REFERENCES public.django_content_type(id) DEFERRABLE INITIALLY DEFERRED;


--
-- Name: django_admin_log django_admin_log_user_id_c564eba6_fk_accounts_user_id; Type: FK CONSTRAINT; Schema: public; Owner: gpsstore_user
--

ALTER TABLE ONLY public.django_admin_log
    ADD CONSTRAINT django_admin_log_user_id_c564eba6_fk_accounts_user_id FOREIGN KEY (user_id) REFERENCES public.accounts_user(id) DEFERRABLE INITIALLY DEFERRED;


--
-- Name: gps_devices_device gps_devices_device_model_id_6cca5017_fk_gps_devices_model_id; Type: FK CONSTRAINT; Schema: public; Owner: gpsstore_user
--

ALTER TABLE ONLY public.gps_devices_device
    ADD CONSTRAINT gps_devices_device_model_id_6cca5017_fk_gps_devices_model_id FOREIGN KEY (model_id) REFERENCES public.gps_devices_model(id) DEFERRABLE INITIALLY DEFERRED;


--
-- Name: gps_devices_device gps_devices_device_owner_id_0663c42a_fk_accounts_user_id; Type: FK CONSTRAINT; Schema: public; Owner: gpsstore_user
--

ALTER TABLE ONLY public.gps_devices_device
    ADD CONSTRAINT gps_devices_device_owner_id_0663c42a_fk_accounts_user_id FOREIGN KEY (owner_id) REFERENCES public.accounts_user(id) DEFERRABLE INITIALLY DEFERRED;


--
-- Name: gps_devices_devicestate gps_devices_devicest_device_id_25b564f9_fk_gps_devic; Type: FK CONSTRAINT; Schema: public; Owner: gpsstore_user
--

ALTER TABLE ONLY public.gps_devices_devicestate
    ADD CONSTRAINT gps_devices_devicest_device_id_25b564f9_fk_gps_devic FOREIGN KEY (device_id) REFERENCES public.gps_devices_device(id) DEFERRABLE INITIALLY DEFERRED;


--
-- Name: gps_devices_devicestate gps_devices_devicest_location_data_id_cecf7f1d_fk_gps_devic; Type: FK CONSTRAINT; Schema: public; Owner: gpsstore_user
--

ALTER TABLE ONLY public.gps_devices_devicestate
    ADD CONSTRAINT gps_devices_devicest_location_data_id_cecf7f1d_fk_gps_devic FOREIGN KEY (location_data_id) REFERENCES public.gps_devices_locationdata(id) DEFERRABLE INITIALLY DEFERRED;


--
-- Name: gps_devices_devicestate gps_devices_devicest_state_id_db30e9a0_fk_gps_devic; Type: FK CONSTRAINT; Schema: public; Owner: gpsstore_user
--

ALTER TABLE ONLY public.gps_devices_devicestate
    ADD CONSTRAINT gps_devices_devicest_state_id_db30e9a0_fk_gps_devic FOREIGN KEY (state_id) REFERENCES public.gps_devices_state(id) DEFERRABLE INITIALLY DEFERRED;


--
-- Name: gps_devices_locationdata gps_devices_location_device_id_8c9e935d_fk_gps_devic; Type: FK CONSTRAINT; Schema: public; Owner: gpsstore_user
--

ALTER TABLE ONLY public.gps_devices_locationdata
    ADD CONSTRAINT gps_devices_location_device_id_8c9e935d_fk_gps_devic FOREIGN KEY (device_id) REFERENCES public.gps_devices_device(id) DEFERRABLE INITIALLY DEFERRED;


--
-- Name: gps_devices_rawgpsdata gps_devices_rawgpsda_device_id_fa8ee77a_fk_gps_devic; Type: FK CONSTRAINT; Schema: public; Owner: gpsstore_user
--

ALTER TABLE ONLY public.gps_devices_rawgpsdata
    ADD CONSTRAINT gps_devices_rawgpsda_device_id_fa8ee77a_fk_gps_devic FOREIGN KEY (device_id) REFERENCES public.gps_devices_device(id) DEFERRABLE INITIALLY DEFERRED;


--
-- Name: products_product products_product_category_id_9b594869_fk_products_category_id; Type: FK CONSTRAINT; Schema: public; Owner: gpsstore_user
--

ALTER TABLE ONLY public.products_product
    ADD CONSTRAINT products_product_category_id_9b594869_fk_products_category_id FOREIGN KEY (category_id) REFERENCES public.products_category(id) DEFERRABLE INITIALLY DEFERRED;


--
-- PostgreSQL database dump complete
--

\unrestrict eJWi22CaRytYLyWcfPcccMCpThypoX9L1fNkaeIX3SAFIydTBQdqCp7kaFOKmAm

